title,price,rating,reviews,availability,image,link
"100 EarthPods - Premium Flower Fertilizer Spikes - Boost Blossoms (Great for Roses, Potted Annuals, Perennials, Flower Bulbs, Hanging Baskets) - Made in USA",,4.5 out of 5 stars,"1,853 ratings",In Stock,https://m.media-amazon.com/images/I/81vh-on2+NL._AC_SY300_SX300_.jpg,https://www.amazon.com/sspa/click?ie=UTF8&spc=MToxODY3Mjc4NjA3NzU3NzA3OjE3MzY2NjQwNzc6c3BfYXRmOjMwMDQ1MzU4NDI1NTUwMjo6MDo6&url=%2FEarthPods-Easy-Bloom-Flowering-Plant%2Fdp%2FB0797ZL5LK%2Fref%3Dsr_1_1_sspa%3Fcrid%3DXOX4HO870Z7Q%26dib%3DeyJ2IjoiMSJ9.S0fNMcz0e_Bdo2fI3rFNQrmxVOA9MRCkmVOeNYCzX3pBySsv9k9U96g6NYRE91OZaU_9Wh5lx5RlKlRsGiNTDwvMuE02eZ9nXDGgIfHITlz4I1jgpmjjTW3yWvAIkrYbGPTAwqkcRs758VPxDA-NWwu88GQN1bBBgjs2MAF0xu4ClIMJELLHcs_E9OxpmeiWmEFaOuYmzKM91en4Y3Bv1POjz3O9AZ5mo3ifO91k0KPHYSuu-KONpKcFikwqq1LX5Q1VIeQoAAzeWqYNG3zMK787iCD4k1PQzHQ4tBpd6Hc.j4PKkBN5xauETmrfoaTdZKHLx3GkaKAMj5fyUMxOJD4%26dib_tag%3Dse%26keywords%3Dfertilizer%26qid%3D1736664077%26sprefix%3Dfertilize%252Caps%252C372%26sr%3D8-1-spons%26sp_csd%3Dd2lkZ2V0TmFtZT1zcF9hdGY%26psc%3D1
"Miracle-Gro Indoor Plant Food, Liquid Plant Food for Houseplants, Snake Plants, Peace Lilies, Flowers, Vegetables, Herbs and More, 8 oz., 2-Pack",,4.6 out of 5 stars,"33,368 ratings",Not Available,https://m.media-amazon.com/images/I/71cTl+fiDmL._AC_SY300_SX300_.jpg,https://www.amazon.com/Miracle-Gro-VB300526-Liquid-Houseplants-Including-Edibles-Instantly/dp/B082BPQH6Z/ref=sr_1_2?crid=XOX4HO870Z7Q&dib=eyJ2IjoiMSJ9.S0fNMcz0e_Bdo2fI3rFNQrmxVOA9MRCkmVOeNYCzX3pBySsv9k9U96g6NYRE91OZaU_9Wh5lx5RlKlRsGiNTDwvMuE02eZ9nXDGgIfHITlz4I1jgpmjjTW3yWvAIkrYbGPTAwqkcRs758VPxDA-NWwu88GQN1bBBgjs2MAF0xu4ClIMJELLHcs_E9OxpmeiWmEFaOuYmzKM91en4Y3Bv1POjz3O9AZ5mo3ifO91k0KPHYSuu-KONpKcFikwqq1LX5Q1VIeQoAAzeWqYNG3zMK787iCD4k1PQzHQ4tBpd6Hc.j4PKkBN5xauETmrfoaTdZKHLx3GkaKAMj5fyUMxOJD4&dib_tag=se&keywords=fertilizer&qid=1736664077&sprefix=fertilize%2Caps%2C372&sr=8-2
"Burpee Natural Purpose Granular 4-Lb Organic Food for Growing Strong Plants | Good for Vegetable Garden, Flower Garden & Seed Starting, 4 lb, 4lb. Bag",,4.6 out of 5 stars,"18,305 ratings",Not Available,https://m.media-amazon.com/images/I/71nL-dLYxDL.__AC_SX300_SY300_QL70_ML2_.jpg,https://www.amazon.com/Burpee-Natural-Organic-Purpose-Granular/dp/B01M7P2SBQ/ref=sr_1_3?crid=XOX4HO870Z7Q&dib=eyJ2IjoiMSJ9.S0fNMcz0e_Bdo2fI3rFNQrmxVOA9MRCkmVOeNYCzX3pBySsv9k9U96g6NYRE91OZaU_9Wh5lx5RlKlRsGiNTDwvMuE02eZ9nXDGgIfHITlz4I1jgpmjjTW3yWvAIkrYbGPTAwqkcRs758VPxDA-NWwu88GQN1bBBgjs2MAF0xu4ClIMJELLHcs_E9OxpmeiWmEFaOuYmzKM91en4Y3Bv1POjz3O9AZ5mo3ifO91k0KPHYSuu-KONpKcFikwqq1LX5Q1VIeQoAAzeWqYNG3zMK787iCD4k1PQzHQ4tBpd6Hc.j4PKkBN5xauETmrfoaTdZKHLx3GkaKAMj5fyUMxOJD4&dib_tag=se&keywords=fertilizer&qid=1736664077&sprefix=fertilize%2Caps%2C372&sr=8-3
"SUPERthrive The Original Vitamin Solution - Liquid Concentrate, May Add to Any Fertilizing Program, 4 fl. oz.",,4.7 out of 5 stars,"24,482 ratings",In Stock,https://m.media-amazon.com/images/I/71uKU70eMRL.__AC_SX300_SY300_QL70_ML2_.jpg,https://www.amazon.com/SUPERthrive-VI30148-Plant-Vitamin-Solution/dp/B000OM82J0/ref=sr_1_4?crid=XOX4HO870Z7Q&dib=eyJ2IjoiMSJ9.S0fNMcz0e_Bdo2fI3rFNQrmxVOA9MRCkmVOeNYCzX3pBySsv9k9U96g6NYRE91OZaU_9Wh5lx5RlKlRsGiNTDwvMuE02eZ9nXDGgIfHITlz4I1jgpmjjTW3yWvAIkrYbGPTAwqkcRs758VPxDA-NWwu88GQN1bBBgjs2MAF0xu4ClIMJELLHcs_E9OxpmeiWmEFaOuYmzKM91en4Y3Bv1POjz3O9AZ5mo3ifO91k0KPHYSuu-KONpKcFikwqq1LX5Q1VIeQoAAzeWqYNG3zMK787iCD4k1PQzHQ4tBpd6Hc.j4PKkBN5xauETmrfoaTdZKHLx3GkaKAMj5fyUMxOJD4&dib_tag=se&keywords=fertilizer&qid=1736664077&sprefix=fertilize%2Caps%2C372&sr=8-4
"Down to Earth All Natural Fertilizers Organic Citrus Mix 6-3-3, 5 lb Box Fertilizer for Lemons, Limes, Oranges Citrus Trees",,4.6 out of 5 stars,"3,353 ratings",Not Available,https://m.media-amazon.com/images/I/51vBZRiCxUL._SX342_SY445_QL70_ML2_.jpg,https://www.amazon.com/Down-Earth-Organic-Citrus-Fertilizer/dp/B01LYJWO1J/ref=sr_1_5?crid=XOX4HO870Z7Q&dib=eyJ2IjoiMSJ9.S0fNMcz0e_Bdo2fI3rFNQrmxVOA9MRCkmVOeNYCzX3pBySsv9k9U96g6NYRE91OZaU_9Wh5lx5RlKlRsGiNTDwvMuE02eZ9nXDGgIfHITlz4I1jgpmjjTW3yWvAIkrYbGPTAwqkcRs758VPxDA-NWwu88GQN1bBBgjs2MAF0xu4ClIMJELLHcs_E9OxpmeiWmEFaOuYmzKM91en4Y3Bv1POjz3O9AZ5mo3ifO91k0KPHYSuu-KONpKcFikwqq1LX5Q1VIeQoAAzeWqYNG3zMK787iCD4k1PQzHQ4tBpd6Hc.j4PKkBN5xauETmrfoaTdZKHLx3GkaKAMj5fyUMxOJD4&dib_tag=se&keywords=fertilizer&qid=1736664077&sprefix=fertilize%2Caps%2C372&sr=8-5
Triple 10 All Purpose Liquid Fertilizer 10-10-10 with Amino Acids (5.5%) & Seaweed Extract (32oz),,4.6 out of 5 stars,"1,551 ratings",Not Available,https://m.media-amazon.com/images/I/71dqaG-zYGL.__AC_SX300_SY300_QL70_ML2_.jpg,https://www.amazon.com/Purpose-Fertilizer-10-10-10-Seaweed-Extract/dp/B07P5GNBR9/ref=sr_1_6?crid=XOX4HO870Z7Q&dib=eyJ2IjoiMSJ9.S0fNMcz0e_Bdo2fI3rFNQrmxVOA9MRCkmVOeNYCzX3pBySsv9k9U96g6NYRE91OZaU_9Wh5lx5RlKlRsGiNTDwvMuE02eZ9nXDGgIfHITlz4I1jgpmjjTW3yWvAIkrYbGPTAwqkcRs758VPxDA-NWwu88GQN1bBBgjs2MAF0xu4ClIMJELLHcs_E9OxpmeiWmEFaOuYmzKM91en4Y3Bv1POjz3O9AZ5mo3ifO91k0KPHYSuu-KONpKcFikwqq1LX5Q1VIeQoAAzeWqYNG3zMK787iCD4k1PQzHQ4tBpd6Hc.j4PKkBN5xauETmrfoaTdZKHLx3GkaKAMj5fyUMxOJD4&dib_tag=se&keywords=fertilizer&qid=1736664077&sprefix=fertilize%2Caps%2C372&sr=8-6
"Foliage-Pro 32 oz. 9-3-6 Plant Food,",,4.8 out of 5 stars,238 ratings,Not Available,https://m.media-amazon.com/images/I/41OHwpnQe6L._SX342_SY445_QL70_ML2_.jpg,https://www.amazon.com/Foliage-Pro-oz-9-3-6-Plant-Food/dp/B01DFH00HW/ref=sr_1_7?crid=XOX4HO870Z7Q&dib=eyJ2IjoiMSJ9.S0fNMcz0e_Bdo2fI3rFNQrmxVOA9MRCkmVOeNYCzX3pBySsv9k9U96g6NYRE91OZaU_9Wh5lx5RlKlRsGiNTDwvMuE02eZ9nXDGgIfHITlz4I1jgpmjjTW3yWvAIkrYbGPTAwqkcRs758VPxDA-NWwu88GQN1bBBgjs2MAF0xu4ClIMJELLHcs_E9OxpmeiWmEFaOuYmzKM91en4Y3Bv1POjz3O9AZ5mo3ifO91k0KPHYSuu-KONpKcFikwqq1LX5Q1VIeQoAAzeWqYNG3zMK787iCD4k1PQzHQ4tBpd6Hc.j4PKkBN5xauETmrfoaTdZKHLx3GkaKAMj5fyUMxOJD4&dib_tag=se&keywords=fertilizer&qid=1736664077&sprefix=fertilize%2Caps%2C372&sr=8-7
"8-4-8 Acidic Fertilizer for Azaleas, Camellias (Camelia), Hydrangeas, Blueberries, Gardenias, Magnolia Trees, Evergreens, and Rhododendrons - Ideal Iron-Rich Plant Food (1/2 Quart)",,4.5 out of 5 stars,927 ratings,In Stock,https://m.media-amazon.com/images/I/51rq1bOTLtL._SY445_SX342_QL70_ML2_.jpg,https://www.amazon.com/GARDENWISE-Fertilizer-Hydrangeas-Blueberries-Rhododendrons/dp/B0CQPP2GWH/ref=sr_1_8?crid=XOX4HO870Z7Q&dib=eyJ2IjoiMSJ9.S0fNMcz0e_Bdo2fI3rFNQrmxVOA9MRCkmVOeNYCzX3pBySsv9k9U96g6NYRE91OZaU_9Wh5lx5RlKlRsGiNTDwvMuE02eZ9nXDGgIfHITlz4I1jgpmjjTW3yWvAIkrYbGPTAwqkcRs758VPxDA-NWwu88GQN1bBBgjs2MAF0xu4ClIMJELLHcs_E9OxpmeiWmEFaOuYmzKM91en4Y3Bv1POjz3O9AZ5mo3ifO91k0KPHYSuu-KONpKcFikwqq1LX5Q1VIeQoAAzeWqYNG3zMK787iCD4k1PQzHQ4tBpd6Hc.j4PKkBN5xauETmrfoaTdZKHLx3GkaKAMj5fyUMxOJD4&dib_tag=se&keywords=fertilizer&qid=1736664077&sprefix=fertilize%2Caps%2C372&sr=8-8
"BGI PALMGAIN 50lb Bag, Palm Tree Fertilizer, Ferns, Cycads, Ixora",,4.6 out of 5 stars,62 ratings,In Stock,https://m.media-amazon.com/images/I/41+L4CkCjYL._SX342_SY445_.jpg,https://www.amazon.com/PALMGAIN-Fertilizer-Ferns-Cycads-Ixora/dp/B00LFRD0M2/ref=sr_1_9?crid=XOX4HO870Z7Q&dib=eyJ2IjoiMSJ9.S0fNMcz0e_Bdo2fI3rFNQrmxVOA9MRCkmVOeNYCzX3pBySsv9k9U96g6NYRE91OZaU_9Wh5lx5RlKlRsGiNTDwvMuE02eZ9nXDGgIfHITlz4I1jgpmjjTW3yWvAIkrYbGPTAwqkcRs758VPxDA-NWwu88GQN1bBBgjs2MAF0xu4ClIMJELLHcs_E9OxpmeiWmEFaOuYmzKM91en4Y3Bv1POjz3O9AZ5mo3ifO91k0KPHYSuu-KONpKcFikwqq1LX5Q1VIeQoAAzeWqYNG3zMK787iCD4k1PQzHQ4tBpd6Hc.j4PKkBN5xauETmrfoaTdZKHLx3GkaKAMj5fyUMxOJD4&dib_tag=se&keywords=fertilizer&qid=1736664077&sprefix=fertilize%2Caps%2C372&sr=8-9
"Dr. Earth Organic & Natural MINI Exotic Blend Palm, Tropical & Hibiscus Fertilizer ( 1 lbs )",,4.4 out of 5 stars,116 ratings,In Stock,https://m.media-amazon.com/images/I/9173wlf+s-L._AC_SY300_SX300_.jpg,https://www.amazon.com/Dr-Earth-Tropical-Hibiscus-Fertilizer/dp/B079ZN82W6/ref=sr_1_10?crid=XOX4HO870Z7Q&dib=eyJ2IjoiMSJ9.S0fNMcz0e_Bdo2fI3rFNQrmxVOA9MRCkmVOeNYCzX3pBySsv9k9U96g6NYRE91OZaU_9Wh5lx5RlKlRsGiNTDwvMuE02eZ9nXDGgIfHITlz4I1jgpmjjTW3yWvAIkrYbGPTAwqkcRs758VPxDA-NWwu88GQN1bBBgjs2MAF0xu4ClIMJELLHcs_E9OxpmeiWmEFaOuYmzKM91en4Y3Bv1POjz3O9AZ5mo3ifO91k0KPHYSuu-KONpKcFikwqq1LX5Q1VIeQoAAzeWqYNG3zMK787iCD4k1PQzHQ4tBpd6Hc.j4PKkBN5xauETmrfoaTdZKHLx3GkaKAMj5fyUMxOJD4&dib_tag=se&keywords=fertilizer&qid=1736664077&sprefix=fertilize%2Caps%2C372&sr=8-10
"Leaves and Soul Bonsai Fertilizer Pellets |18-6-8 Slow Release Pellets for Seedlings, Mature Plants, All Tree Types | Multi-Purpose Blend & Gardening Supplies, No Fillers | 5.2 oz Resealable Packaging",,4.5 out of 5 stars,"2,026 ratings",,https://m.media-amazon.com/images/I/51m9BlE9EqL._SY445_SX342_QL70_ML2_.jpg,https://www.amazon.com/sspa/click?ie=UTF8&spc=MTo3ODIxNzExMjE4Mzk5OTcxOjE3MzY2NjQwNzc6c3Bfc2VhcmNoX3RoZW1hdGljOjIwMDA0NDk5MzM5NzM3MTo6MDo6&url=%2FLeaves-Soul-Fertilizer-Multi-Purpose-Resealable%2Fdp%2FB08HPV2SHG%2Fref%3Dsxin_25_pa_sp_search_thematic_sspa%3Fcontent-id%3Damzn1.sym.f365033e-b793-4e66-b7ff-67f86c886ec7%253Aamzn1.sym.f365033e-b793-4e66-b7ff-67f86c886ec7%26crid%3DXOX4HO870Z7Q%26cv_ct_cx%3Dfertilizer%26keywords%3Dfertilizer%26pd_rd_i%3DB08HPV2SHG%26pd_rd_r%3D2544444a-f850-44c6-bc7e-bcd2018e3e6d%26pd_rd_w%3DJ1b8J%26pd_rd_wg%3DjKx0x%26pf_rd_p%3Df365033e-b793-4e66-b7ff-67f86c886ec7%26pf_rd_r%3D2XAYNWV3CVDE84PVS63S%26qid%3D1736664077%26sbo%3DRZvfv%252F%252FHxDF%252BO5021pAnSA%253D%253D%26sprefix%3Dfertilize%252Caps%252C372%26sr%3D1-1-7efdef4d-9875-47e1-927f-8c2c1c47ed49-spons%26sp_csd%3Dd2lkZ2V0TmFtZT1zcF9zZWFyY2hfdGhlbWF0aWM%26psc%3D1
"100 EarthPods - Premium Flower Fertilizer Spikes - Boost Blossoms (Great for Roses, Potted Annuals, Perennials, Flower Bulbs, Hanging Baskets) - Made in USA",,4.5 out of 5 stars,"1,853 ratings",In Stock,https://m.media-amazon.com/images/I/81vh-on2+NL._AC_SY300_SX300_.jpg,https://www.amazon.com/sspa/click?ie=UTF8&spc=MTo3ODIxNzExMjE4Mzk5OTcxOjE3MzY2NjQwNzc6c3Bfc2VhcmNoX3RoZW1hdGljOjIwMDExMTk0NTAxMzM5ODo6MTo6&url=%2FEarthPods-Easy-Bloom-Flowering-Plant%2Fdp%2FB0797ZL5LK%2Fref%3Dsxin_25_pa_sp_search_thematic_sspa%3Fcontent-id%3Damzn1.sym.f365033e-b793-4e66-b7ff-67f86c886ec7%253Aamzn1.sym.f365033e-b793-4e66-b7ff-67f86c886ec7%26crid%3DXOX4HO870Z7Q%26cv_ct_cx%3Dfertilizer%26keywords%3Dfertilizer%26pd_rd_i%3DB0797ZL5LK%26pd_rd_r%3D2544444a-f850-44c6-bc7e-bcd2018e3e6d%26pd_rd_w%3DJ1b8J%26pd_rd_wg%3DjKx0x%26pf_rd_p%3Df365033e-b793-4e66-b7ff-67f86c886ec7%26pf_rd_r%3D2XAYNWV3CVDE84PVS63S%26qid%3D1736664077%26sbo%3DRZvfv%252F%252FHxDF%252BO5021pAnSA%253D%253D%26sprefix%3Dfertilize%252Caps%252C372%26sr%3D1-2-7efdef4d-9875-47e1-927f-8c2c1c47ed49-spons%26sp_csd%3Dd2lkZ2V0TmFtZT1zcF9zZWFyY2hfdGhlbWF0aWM%26psc%3D1
"SUPERthrive The Original Vitamin Solution - Liquid Concentrate, May Add to Any Fertilizing Program, 4 fl. oz.",,4.7 out of 5 stars,"24,482 ratings",In Stock,https://m.media-amazon.com/images/I/71uKU70eMRL.__AC_SX300_SY300_QL70_ML2_.jpg,https://www.amazon.com/sspa/click?ie=UTF8&spc=MTo3ODIxNzExMjE4Mzk5OTcxOjE3MzY2NjQwNzc6c3Bfc2VhcmNoX3RoZW1hdGljOjIwMDA1MjcwMTU1Njk3MTo6Mjo6&url=%2FSUPERthrive-VI30148-Plant-Vitamin-Solution%2Fdp%2FB000OM82J0%2Fref%3Dsxin_25_pa_sp_search_thematic_sspa%3Fcontent-id%3Damzn1.sym.f365033e-b793-4e66-b7ff-67f86c886ec7%253Aamzn1.sym.f365033e-b793-4e66-b7ff-67f86c886ec7%26crid%3DXOX4HO870Z7Q%26cv_ct_cx%3Dfertilizer%26keywords%3Dfertilizer%26pd_rd_i%3DB000OM82J0%26pd_rd_r%3D2544444a-f850-44c6-bc7e-bcd2018e3e6d%26pd_rd_w%3DJ1b8J%26pd_rd_wg%3DjKx0x%26pf_rd_p%3Df365033e-b793-4e66-b7ff-67f86c886ec7%26pf_rd_r%3D2XAYNWV3CVDE84PVS63S%26qid%3D1736664077%26sbo%3DRZvfv%252F%252FHxDF%252BO5021pAnSA%253D%253D%26sprefix%3Dfertilize%252Caps%252C372%26sr%3D1-3-7efdef4d-9875-47e1-927f-8c2c1c47ed49-spons%26sp_csd%3Dd2lkZ2V0TmFtZT1zcF9zZWFyY2hfdGhlbWF0aWM%26psc%3D1
"General Hydroponics CALiMAGic 1-0-0, Concentrated Blend of Calcium & Magnesium, Secondary Nutrient Deficiencies Helps Prevent Blossom End Rot & Tip Burn, Clean, Soluble, 1-Quart",,4.7 out of 5 stars,"8,718 ratings",In Stock,https://m.media-amazon.com/images/I/71AeW-ty4kL.__AC_SX300_SY300_QL70_ML2_.jpg,https://www.amazon.com/sspa/click?ie=UTF8&spc=MTo3ODIxNzExMjE4Mzk5OTcxOjE3MzY2NjQwNzc6c3Bfc2VhcmNoX3RoZW1hdGljOjMwMDQzMDUzMjI1NzUwMjo6Mzo6&url=%2FGeneral-Hydroponics-GH1772-CALiMAGic-Quart%2Fdp%2FB00GZRKI40%2Fref%3Dsxin_25_pa_sp_search_thematic_sspa%3Fcontent-id%3Damzn1.sym.f365033e-b793-4e66-b7ff-67f86c886ec7%253Aamzn1.sym.f365033e-b793-4e66-b7ff-67f86c886ec7%26crid%3DXOX4HO870Z7Q%26cv_ct_cx%3Dfertilizer%26keywords%3Dfertilizer%26pd_rd_i%3DB00GZRKI40%26pd_rd_r%3D2544444a-f850-44c6-bc7e-bcd2018e3e6d%26pd_rd_w%3DJ1b8J%26pd_rd_wg%3DjKx0x%26pf_rd_p%3Df365033e-b793-4e66-b7ff-67f86c886ec7%26pf_rd_r%3D2XAYNWV3CVDE84PVS63S%26qid%3D1736664077%26sbo%3DRZvfv%252F%252FHxDF%252BO5021pAnSA%253D%253D%26sprefix%3Dfertilize%252Caps%252C372%26sr%3D1-4-7efdef4d-9875-47e1-927f-8c2c1c47ed49-spons%26sp_csd%3Dd2lkZ2V0TmFtZT1zcF9zZWFyY2hfdGhlbWF0aWM%26psc%3D1
FloraLife Finishing Touch - Hydrating Multi-Nutrient Formula Spray for Fresh-Cut Flowers - 8oz,,4.4 out of 5 stars,82 ratings,In Stock,https://m.media-amazon.com/images/I/41NrXgIXElL._SY445_SX342_QL70_ML2_.jpg,https://www.amazon.com/sspa/click?ie=UTF8&spc=MTo3ODIxNzExMjE4Mzk5OTcxOjE3MzY2NjQwNzc6c3Bfc2VhcmNoX3RoZW1hdGljOjMwMDEyNzgwMzkzNTgwMjo6NDo6&url=%2FFloralife-FloraLife%25C2%25AE-Finishing-Touch%2Fdp%2FB09P443YFL%2Fref%3Dsxin_25_pa_sp_search_thematic_sspa%3Fcontent-id%3Damzn1.sym.f365033e-b793-4e66-b7ff-67f86c886ec7%253Aamzn1.sym.f365033e-b793-4e66-b7ff-67f86c886ec7%26crid%3DXOX4HO870Z7Q%26cv_ct_cx%3Dfertilizer%26keywords%3Dfertilizer%26pd_rd_i%3DB09P443YFL%26pd_rd_r%3D2544444a-f850-44c6-bc7e-bcd2018e3e6d%26pd_rd_w%3DJ1b8J%26pd_rd_wg%3DjKx0x%26pf_rd_p%3Df365033e-b793-4e66-b7ff-67f86c886ec7%26pf_rd_r%3D2XAYNWV3CVDE84PVS63S%26qid%3D1736664077%26sbo%3DRZvfv%252F%252FHxDF%252BO5021pAnSA%253D%253D%26sprefix%3Dfertilize%252Caps%252C372%26sr%3D1-5-7efdef4d-9875-47e1-927f-8c2c1c47ed49-spons%26sp_csd%3Dd2lkZ2V0TmFtZT1zcF9zZWFyY2hfdGhlbWF0aWM%26psc%3D1
Grow More Urea-Free Hawaiian Bud and Bloom 5-50-17 Fertilizer - 1.5lb of Water Soluble Bloom Booster Fertilizer for Flowers - High Phosphorus Flower Food for Enhanced Bud Formation & Vigorous Blooms,,4.7 out of 5 stars,"3,147 ratings",Not Available,https://m.media-amazon.com/images/I/71cOrV2wIzL.__AC_SX300_SY300_QL70_ML2_.jpg,https://www.amazon.com/Grow-More-7505-Fertilizer-1-5-Pound/dp/B008JBX15I/ref=sr_1_11?crid=XOX4HO870Z7Q&dib=eyJ2IjoiMSJ9.S0fNMcz0e_Bdo2fI3rFNQrmxVOA9MRCkmVOeNYCzX3pBySsv9k9U96g6NYRE91OZaU_9Wh5lx5RlKlRsGiNTDwvMuE02eZ9nXDGgIfHITlz4I1jgpmjjTW3yWvAIkrYbGPTAwqkcRs758VPxDA-NWwu88GQN1bBBgjs2MAF0xu4ClIMJELLHcs_E9OxpmeiWmEFaOuYmzKM91en4Y3Bv1POjz3O9AZ5mo3ifO91k0KPHYSuu-KONpKcFikwqq1LX5Q1VIeQoAAzeWqYNG3zMK787iCD4k1PQzHQ4tBpd6Hc.j4PKkBN5xauETmrfoaTdZKHLx3GkaKAMj5fyUMxOJD4&dib_tag=se&keywords=fertilizer&qid=1736664077&sprefix=fertilize%2Caps%2C372&sr=8-11
"Better-Gro Orchid Better-Bloom 11-35-15 - Urea-Free Bloom Fertilizer for Orchids, High-Content Phosphorus for Vibrant Blooms, Water Soluble, Ideal for Indoor House Plants - 16 oz Resealable Bag",,4.6 out of 5 stars,"4,645 ratings",Not Available,https://m.media-amazon.com/images/I/81BWrvom9-L.__AC_SX300_SY300_QL70_ML2_.jpg,https://www.amazon.com/Gro-Orchid-Better-Bloom-11-35-15-High-Content/dp/B004Z8OL12/ref=sr_1_12?crid=XOX4HO870Z7Q&dib=eyJ2IjoiMSJ9.S0fNMcz0e_Bdo2fI3rFNQrmxVOA9MRCkmVOeNYCzX3pBySsv9k9U96g6NYRE91OZaU_9Wh5lx5RlKlRsGiNTDwvMuE02eZ9nXDGgIfHITlz4I1jgpmjjTW3yWvAIkrYbGPTAwqkcRs758VPxDA-NWwu88GQN1bBBgjs2MAF0xu4ClIMJELLHcs_E9OxpmeiWmEFaOuYmzKM91en4Y3Bv1POjz3O9AZ5mo3ifO91k0KPHYSuu-KONpKcFikwqq1LX5Q1VIeQoAAzeWqYNG3zMK787iCD4k1PQzHQ4tBpd6Hc.j4PKkBN5xauETmrfoaTdZKHLx3GkaKAMj5fyUMxOJD4&dib_tag=se&keywords=fertilizer&qid=1736664077&sprefix=fertilize%2Caps%2C372&sr=8-12
"Leaves and Soul Bonsai Fertilizer Pellets |18-6-8 Slow Release Pellets for Seedlings, Mature Plants, All Tree Types | Multi-Purpose Blend & Gardening Supplies, No Fillers | 5.2 oz Resealable Packaging",,4.5 out of 5 stars,"2,026 ratings",,https://m.media-amazon.com/images/I/51m9BlE9EqL._SY445_SX342_QL70_ML2_.jpg,https://www.amazon.com/Leaves-Soul-Fertilizer-Multi-Purpose-Resealable/dp/B08HPV2SHG/ref=sr_1_13?crid=XOX4HO870Z7Q&dib=eyJ2IjoiMSJ9.S0fNMcz0e_Bdo2fI3rFNQrmxVOA9MRCkmVOeNYCzX3pBySsv9k9U96g6NYRE91OZaU_9Wh5lx5RlKlRsGiNTDwvMuE02eZ9nXDGgIfHITlz4I1jgpmjjTW3yWvAIkrYbGPTAwqkcRs758VPxDA-NWwu88GQN1bBBgjs2MAF0xu4ClIMJELLHcs_E9OxpmeiWmEFaOuYmzKM91en4Y3Bv1POjz3O9AZ5mo3ifO91k0KPHYSuu-KONpKcFikwqq1LX5Q1VIeQoAAzeWqYNG3zMK787iCD4k1PQzHQ4tBpd6Hc.j4PKkBN5xauETmrfoaTdZKHLx3GkaKAMj5fyUMxOJD4&dib_tag=se&keywords=fertilizer&qid=1736664077&sprefix=fertilize%2Caps%2C372&sr=8-13
"Jobe‚Äôs Organics Granular Fertilizer, Organic Fertilizer for Geraniums, Hibiscus, Daisies, and Other Perennial and Annual Plants, 4 lbs Bag",,4.6 out of 5 stars,"7,198 ratings",Not Available,https://m.media-amazon.com/images/I/71ORSSHrE3L.__AC_SX300_SY300_QL70_ML2_.jpg,https://www.amazon.com/Jobes-Organics-09627-Organic-Plant/dp/B01N7RUUVC/ref=sr_1_14?crid=XOX4HO870Z7Q&dib=eyJ2IjoiMSJ9.S0fNMcz0e_Bdo2fI3rFNQrmxVOA9MRCkmVOeNYCzX3pBySsv9k9U96g6NYRE91OZaU_9Wh5lx5RlKlRsGiNTDwvMuE02eZ9nXDGgIfHITlz4I1jgpmjjTW3yWvAIkrYbGPTAwqkcRs758VPxDA-NWwu88GQN1bBBgjs2MAF0xu4ClIMJELLHcs_E9OxpmeiWmEFaOuYmzKM91en4Y3Bv1POjz3O9AZ5mo3ifO91k0KPHYSuu-KONpKcFikwqq1LX5Q1VIeQoAAzeWqYNG3zMK787iCD4k1PQzHQ4tBpd6Hc.j4PKkBN5xauETmrfoaTdZKHLx3GkaKAMj5fyUMxOJD4&dib_tag=se&keywords=fertilizer&qid=1736664077&sprefix=fertilize%2Caps%2C372&sr=8-14
Lotus Fertilizer - 8oz,,4.6 out of 5 stars,,,https://m.media-amazon.com/images/I/41EIqFC3KAL._SY445_SX342_QL70_ML2_.jpg,https://www.amazon.com/TPS-NUTRIENTS-TPS-LOTUSFERTILIZER-8OZ-Lotus-Fertilizer/dp/B0DQTQ31B4/ref=sr_1_15?crid=XOX4HO870Z7Q&dib=eyJ2IjoiMSJ9.S0fNMcz0e_Bdo2fI3rFNQrmxVOA9MRCkmVOeNYCzX3pBySsv9k9U96g6NYRE91OZaU_9Wh5lx5RlKlRsGiNTDwvMuE02eZ9nXDGgIfHITlz4I1jgpmjjTW3yWvAIkrYbGPTAwqkcRs758VPxDA-NWwu88GQN1bBBgjs2MAF0xu4ClIMJELLHcs_E9OxpmeiWmEFaOuYmzKM91en4Y3Bv1POjz3O9AZ5mo3ifO91k0KPHYSuu-KONpKcFikwqq1LX5Q1VIeQoAAzeWqYNG3zMK787iCD4k1PQzHQ4tBpd6Hc.j4PKkBN5xauETmrfoaTdZKHLx3GkaKAMj5fyUMxOJD4&dib_tag=se&keywords=fertilizer&qid=1736664077&sprefix=fertilize%2Caps%2C372&sr=8-15
"Miracle-Gro Shake 'N Feed Tomato, Fruit and Vegetable Plant Food, For In-Ground and Container Plants, Feeds up to 3 Months, 1 lb.",,4.6 out of 5 stars,"9,668 ratings",Not Available,https://m.media-amazon.com/images/I/81lNZdaxXyL.__AC_SX300_SY300_QL70_ML2_.jpg,https://www.amazon.com/Miracle-Gro-3002510-Vegetables-Continuous-Release/dp/B01MU394JM/ref=sr_1_16?crid=XOX4HO870Z7Q&dib=eyJ2IjoiMSJ9.S0fNMcz0e_Bdo2fI3rFNQrmxVOA9MRCkmVOeNYCzX3pBySsv9k9U96g6NYRE91OZaU_9Wh5lx5RlKlRsGiNTDwvMuE02eZ9nXDGgIfHITlz4I1jgpmjjTW3yWvAIkrYbGPTAwqkcRs758VPxDA-NWwu88GQN1bBBgjs2MAF0xu4ClIMJELLHcs_E9OxpmeiWmEFaOuYmzKM91en4Y3Bv1POjz3O9AZ5mo3ifO91k0KPHYSuu-KONpKcFikwqq1LX5Q1VIeQoAAzeWqYNG3zMK787iCD4k1PQzHQ4tBpd6Hc.j4PKkBN5xauETmrfoaTdZKHLx3GkaKAMj5fyUMxOJD4&dib_tag=se&keywords=fertilizer&qid=1736664077&sprefix=fertilize%2Caps%2C372&sr=8-16
"Big A Berries Fertilizer Nutrients ‚Äì Plant Nutrients for Growth ‚Äì Organic Nutrients for Indoor and Outdoor Berries ‚Äì Works on Raspberry, Strawberry, Blueberry - 13.5oz",,4.4 out of 5 stars,147 ratings,In Stock,https://m.media-amazon.com/images/I/410ycxDfbLL._SY445_SX342_QL70_ML2_.jpg,https://www.amazon.com/sspa/click?ie=UTF8&spc=MToxODY3Mjc4NjA3NzU3NzA3OjE3MzY2NjQwNzc6c3BfbXRmOjMwMDA1MjcxOTI2OTQwMjo6MDo6&url=%2FBig-Ass-Berries-Fertilizer-Nutrients%2Fdp%2FB0B2M8RJH6%2Fref%3Dsr_1_17_sspa%3Fcrid%3DXOX4HO870Z7Q%26dib%3DeyJ2IjoiMSJ9.S0fNMcz0e_Bdo2fI3rFNQrmxVOA9MRCkmVOeNYCzX3pBySsv9k9U96g6NYRE91OZaU_9Wh5lx5RlKlRsGiNTDwvMuE02eZ9nXDGgIfHITlz4I1jgpmjjTW3yWvAIkrYbGPTAwqkcRs758VPxDA-NWwu88GQN1bBBgjs2MAF0xu4ClIMJELLHcs_E9OxpmeiWmEFaOuYmzKM91en4Y3Bv1POjz3O9AZ5mo3ifO91k0KPHYSuu-KONpKcFikwqq1LX5Q1VIeQoAAzeWqYNG3zMK787iCD4k1PQzHQ4tBpd6Hc.j4PKkBN5xauETmrfoaTdZKHLx3GkaKAMj5fyUMxOJD4%26dib_tag%3Dse%26keywords%3Dfertilizer%26qid%3D1736664077%26sprefix%3Dfertilize%252Caps%252C372%26sr%3D8-17-spons%26sp_csd%3Dd2lkZ2V0TmFtZT1zcF9tdGY%26psc%3D1
"Earth Science ‚Äì Moorganite ‚Äì All Purpose Lawn and Garden Care ‚Äì Multi-Purpose, Slow Release Lawn Care ‚Äì 5 Pound Bag ‚Äì Amazon Exclusive Size",,4.6 out of 5 stars,33 ratings,In Stock,https://m.media-amazon.com/images/I/51uap1vj8IL._SX342_SY445_QL70_ML2_.jpg,https://www.amazon.com/sspa/click?ie=UTF8&spc=MToxODY3Mjc4NjA3NzU3NzA3OjE3MzY2NjQwNzc6c3BfbXRmOjIwMDE3Mjg0NDk2Mzk5ODo6MDo6&url=%2FEarth-Science-Moorganite-Multi-Purpose-Exclusive%2Fdp%2FB0BS3WRM5Q%2Fref%3Dsr_1_18_sspa%3Fcrid%3DXOX4HO870Z7Q%26dib%3DeyJ2IjoiMSJ9.S0fNMcz0e_Bdo2fI3rFNQrmxVOA9MRCkmVOeNYCzX3pBySsv9k9U96g6NYRE91OZaU_9Wh5lx5RlKlRsGiNTDwvMuE02eZ9nXDGgIfHITlz4I1jgpmjjTW3yWvAIkrYbGPTAwqkcRs758VPxDA-NWwu88GQN1bBBgjs2MAF0xu4ClIMJELLHcs_E9OxpmeiWmEFaOuYmzKM91en4Y3Bv1POjz3O9AZ5mo3ifO91k0KPHYSuu-KONpKcFikwqq1LX5Q1VIeQoAAzeWqYNG3zMK787iCD4k1PQzHQ4tBpd6Hc.j4PKkBN5xauETmrfoaTdZKHLx3GkaKAMj5fyUMxOJD4%26dib_tag%3Dse%26keywords%3Dfertilizer%26qid%3D1736664077%26sprefix%3Dfertilize%252Caps%252C372%26sr%3D8-18-spons%26sp_csd%3Dd2lkZ2V0TmFtZT1zcF9tdGY%26psc%3D1
"Fertilizer | 12-6-8 General Purpose | Shrub, Tree & Ornamental | Fast Release ‚Äì 60 Day, Macronutrient & Micronutrient Formula for Container and In-Ground Plants | 30 Ounces",,5.0 out of 5 stars,2 ratings,In Stock,https://m.media-amazon.com/images/I/81Q6aVuLV2L.__AC_SX300_SY300_QL70_ML2_.jpg,https://www.amazon.com/Fertilizer-General-Purpose-Ornamental-Release/dp/B0DKY4PNYN/ref=sr_1_19?crid=XOX4HO870Z7Q&dib=eyJ2IjoiMSJ9.S0fNMcz0e_Bdo2fI3rFNQrmxVOA9MRCkmVOeNYCzX3pBySsv9k9U96g6NYRE91OZaU_9Wh5lx5RlKlRsGiNTDwvMuE02eZ9nXDGgIfHITlz4I1jgpmjjTW3yWvAIkrYbGPTAwqkcRs758VPxDA-NWwu88GQN1bBBgjs2MAF0xu4ClIMJELLHcs_E9OxpmeiWmEFaOuYmzKM91en4Y3Bv1POjz3O9AZ5mo3ifO91k0KPHYSuu-KONpKcFikwqq1LX5Q1VIeQoAAzeWqYNG3zMK787iCD4k1PQzHQ4tBpd6Hc.j4PKkBN5xauETmrfoaTdZKHLx3GkaKAMj5fyUMxOJD4&dib_tag=se&keywords=fertilizer&qid=1736664077&sprefix=fertilize%2Caps%2C372&sr=8-19
Miracle-Gro Water Soluble Tomato Plant Food,,4.7 out of 5 stars,"8,756 ratings",Not Available,https://m.media-amazon.com/images/I/71KQf1ptXgL.__AC_SX300_SY300_QL70_ML2_.jpg,https://www.amazon.com/Miracle-Gro-Tomato-Plant-1-5-Pound-Fertilizer/dp/B000P7345G/ref=sr_1_20?crid=XOX4HO870Z7Q&dib=eyJ2IjoiMSJ9.S0fNMcz0e_Bdo2fI3rFNQrmxVOA9MRCkmVOeNYCzX3pBySsv9k9U96g6NYRE91OZaU_9Wh5lx5RlKlRsGiNTDwvMuE02eZ9nXDGgIfHITlz4I1jgpmjjTW3yWvAIkrYbGPTAwqkcRs758VPxDA-NWwu88GQN1bBBgjs2MAF0xu4ClIMJELLHcs_E9OxpmeiWmEFaOuYmzKM91en4Y3Bv1POjz3O9AZ5mo3ifO91k0KPHYSuu-KONpKcFikwqq1LX5Q1VIeQoAAzeWqYNG3zMK787iCD4k1PQzHQ4tBpd6Hc.j4PKkBN5xauETmrfoaTdZKHLx3GkaKAMj5fyUMxOJD4&dib_tag=se&keywords=fertilizer&qid=1736664077&sprefix=fertilize%2Caps%2C372&sr=8-20
"Miracle-Gro LiquaFeed All Purpose Plant Food Advance Starter Kit, For Flowers, Vegetables, Trees and Shrubs, One 16 oz. Plant Food and One Feeder",,4.6 out of 5 stars,"10,808 ratings",Not Available,https://m.media-amazon.com/images/I/71hbHpKs4jL.__AC_SX300_SY300_QL70_ML2_.jpg,https://www.amazon.com/Miracle-Gro-LiquaFeed-Advance-Starter-Purpose/dp/B00D8QWUCY/ref=sr_1_21?crid=XOX4HO870Z7Q&dib=eyJ2IjoiMSJ9.S0fNMcz0e_Bdo2fI3rFNQrmxVOA9MRCkmVOeNYCzX3pBySsv9k9U96g6NYRE91OZaU_9Wh5lx5RlKlRsGiNTDwvMuE02eZ9nXDGgIfHITlz4I1jgpmjjTW3yWvAIkrYbGPTAwqkcRs758VPxDA-NWwu88GQN1bBBgjs2MAF0xu4ClIMJELLHcs_E9OxpmeiWmEFaOuYmzKM91en4Y3Bv1POjz3O9AZ5mo3ifO91k0KPHYSuu-KONpKcFikwqq1LX5Q1VIeQoAAzeWqYNG3zMK787iCD4k1PQzHQ4tBpd6Hc.j4PKkBN5xauETmrfoaTdZKHLx3GkaKAMj5fyUMxOJD4&dib_tag=se&keywords=fertilizer&qid=1736664077&sprefix=fertilize%2Caps%2C372&sr=8-21
"Garden Safe Brand TakeRoot Rooting Hormone, Helps New Plants grow from Cuttings, 2 Ounces, 2 Pack",,4.4 out of 5 stars,"35,261 ratings",Not Available,https://m.media-amazon.com/images/I/81yh0FFbZ0L.__AC_SX300_SY300_QL70_ML2_.jpg,https://www.amazon.com/Garden-Safe-TakeRoot-Rooting-Cuttings/dp/B09WZHXNQ2/ref=sr_1_22?crid=XOX4HO870Z7Q&dib=eyJ2IjoiMSJ9.S0fNMcz0e_Bdo2fI3rFNQrmxVOA9MRCkmVOeNYCzX3pBySsv9k9U96g6NYRE91OZaU_9Wh5lx5RlKlRsGiNTDwvMuE02eZ9nXDGgIfHITlz4I1jgpmjjTW3yWvAIkrYbGPTAwqkcRs758VPxDA-NWwu88GQN1bBBgjs2MAF0xu4ClIMJELLHcs_E9OxpmeiWmEFaOuYmzKM91en4Y3Bv1POjz3O9AZ5mo3ifO91k0KPHYSuu-KONpKcFikwqq1LX5Q1VIeQoAAzeWqYNG3zMK787iCD4k1PQzHQ4tBpd6Hc.j4PKkBN5xauETmrfoaTdZKHLx3GkaKAMj5fyUMxOJD4&dib_tag=se&keywords=fertilizer&qid=1736664077&sprefix=fertilize%2Caps%2C372&sr=8-22
"SUPERthrive The Original Vitamin Solution - Liquid Concentrate, May Add to Any Fertilizing Program, 4 fl. oz.",,4.7 out of 5 stars,"24,482 ratings",In Stock,https://m.media-amazon.com/images/I/71uKU70eMRL.__AC_SX300_SY300_QL70_ML2_.jpg,https://www.amazon.com/sspa/click?ie=UTF8&spc=MToxODY3Mjc4NjA3NzU3NzA3OjE3MzY2NjQwNzc6c3BfbXRmOjIwMDA1MjcwMTU1Njk3MTo6MDo6&url=%2FSUPERthrive-VI30148-Plant-Vitamin-Solution%2Fdp%2FB000OM82J0%2Fref%3Dsr_1_23_sspa%3Fcrid%3DXOX4HO870Z7Q%26dib%3DeyJ2IjoiMSJ9.S0fNMcz0e_Bdo2fI3rFNQrmxVOA9MRCkmVOeNYCzX3pBySsv9k9U96g6NYRE91OZaU_9Wh5lx5RlKlRsGiNTDwvMuE02eZ9nXDGgIfHITlz4I1jgpmjjTW3yWvAIkrYbGPTAwqkcRs758VPxDA-NWwu88GQN1bBBgjs2MAF0xu4ClIMJELLHcs_E9OxpmeiWmEFaOuYmzKM91en4Y3Bv1POjz3O9AZ5mo3ifO91k0KPHYSuu-KONpKcFikwqq1LX5Q1VIeQoAAzeWqYNG3zMK787iCD4k1PQzHQ4tBpd6Hc.j4PKkBN5xauETmrfoaTdZKHLx3GkaKAMj5fyUMxOJD4%26dib_tag%3Dse%26keywords%3Dfertilizer%26qid%3D1736664077%26sprefix%3Dfertilize%252Caps%252C372%26sr%3D8-23-spons%26sp_csd%3Dd2lkZ2V0TmFtZT1zcF9tdGY%26psc%3D1
"8-4-8 Acidic Fertilizer for Azaleas, Camellias (Camelia), Hydrangeas, Blueberries, Gardenias, Magnolia Trees, Evergreens, and Rhododendrons - Ideal Iron-Rich Plant Food (1 Quart)",,4.5 out of 5 stars,927 ratings,In Stock,https://m.media-amazon.com/images/I/51ZBsf-5WQL._SY445_SX342_QL70_ML2_.jpg,https://www.amazon.com/sspa/click?ie=UTF8&spc=MToxODY3Mjc4NjA3NzU3NzA3OjE3MzY2NjQwNzc6c3BfbXRmOjMwMDEzNjg0MzczNTEwMjo6MDo6&url=%2FGARDENWISE-Fertilizer-Hydrangeas-Blueberries-Rhododendrons%2Fdp%2FB0CQPQBBJP%2Fref%3Dsr_1_24_sspa%3Fcrid%3DXOX4HO870Z7Q%26dib%3DeyJ2IjoiMSJ9.S0fNMcz0e_Bdo2fI3rFNQrmxVOA9MRCkmVOeNYCzX3pBySsv9k9U96g6NYRE91OZaU_9Wh5lx5RlKlRsGiNTDwvMuE02eZ9nXDGgIfHITlz4I1jgpmjjTW3yWvAIkrYbGPTAwqkcRs758VPxDA-NWwu88GQN1bBBgjs2MAF0xu4ClIMJELLHcs_E9OxpmeiWmEFaOuYmzKM91en4Y3Bv1POjz3O9AZ5mo3ifO91k0KPHYSuu-KONpKcFikwqq1LX5Q1VIeQoAAzeWqYNG3zMK787iCD4k1PQzHQ4tBpd6Hc.j4PKkBN5xauETmrfoaTdZKHLx3GkaKAMj5fyUMxOJD4%26dib_tag%3Dse%26keywords%3Dfertilizer%26qid%3D1736664077%26sprefix%3Dfertilize%252Caps%252C372%26sr%3D8-24-spons%26sp_csd%3Dd2lkZ2V0TmFtZT1zcF9tdGY%26psc%3D1
"PetraTools Liquid Iron For Lawns - Chelated Iron, Liquid Iron for Plants, Liquid Lawn Fertilizer Concentrate Solutions, Chelated Iron for Plants, Lawn Iron Formula, EDTA-Free & Made In The USA (32 Oz)",,4.2 out of 5 stars,207 ratings,In Stock,https://m.media-amazon.com/images/I/81CoCGsDkxL.__AC_SX300_SY300_QL70_ML2_.jpg,https://www.amazon.com/sspa/click?ie=UTF8&spc=MToxODY3Mjc4NjA3NzU3NzA3OjE3MzY2NjQwNzc6c3BfbXRmOjMwMDM0NTQ5NzkwMzgwMjo6MDo6&url=%2FPetraTools-Liquid-Iron-Lawns-Concentrate%2Fdp%2FB095VQCL85%2Fref%3Dsr_1_25_sspa%3Fcrid%3DXOX4HO870Z7Q%26dib%3DeyJ2IjoiMSJ9.S0fNMcz0e_Bdo2fI3rFNQrmxVOA9MRCkmVOeNYCzX3pBySsv9k9U96g6NYRE91OZaU_9Wh5lx5RlKlRsGiNTDwvMuE02eZ9nXDGgIfHITlz4I1jgpmjjTW3yWvAIkrYbGPTAwqkcRs758VPxDA-NWwu88GQN1bBBgjs2MAF0xu4ClIMJELLHcs_E9OxpmeiWmEFaOuYmzKM91en4Y3Bv1POjz3O9AZ5mo3ifO91k0KPHYSuu-KONpKcFikwqq1LX5Q1VIeQoAAzeWqYNG3zMK787iCD4k1PQzHQ4tBpd6Hc.j4PKkBN5xauETmrfoaTdZKHLx3GkaKAMj5fyUMxOJD4%26dib_tag%3Dse%26keywords%3Dfertilizer%26qid%3D1736664077%26sprefix%3Dfertilize%252Caps%252C372%26sr%3D8-25-spons%26sp_csd%3Dd2lkZ2V0TmFtZT1zcF9tdGY%26psc%3D1
"Fertilizer | 12-6-8 General Purpose | Shrub, Tree & Ornamental | Fast Release ‚Äì 60 Day, Macronutrient & Micronutrient Formula for Container and In-Ground Plants | 30 Ounces",,5.0 out of 5 stars,2 ratings,In Stock,https://m.media-amazon.com/images/I/81Q6aVuLV2L.__AC_SX300_SY300_QL70_ML2_.jpg,https://www.amazon.com/sspa/click?ie=UTF8&spc=MToxODY3Mjc4NjA3NzU3NzA3OjE3MzY2NjQwNzc6c3BfbXRmOjMwMDUxMzEzNzAyNzcwMjo6MDo6&url=%2FFertilizer-General-Purpose-Ornamental-Release%2Fdp%2FB0DKY4PNYN%2Fref%3Dsr_1_26_sspa%3Fcrid%3DXOX4HO870Z7Q%26dib%3DeyJ2IjoiMSJ9.S0fNMcz0e_Bdo2fI3rFNQrmxVOA9MRCkmVOeNYCzX3pBySsv9k9U96g6NYRE91OZaU_9Wh5lx5RlKlRsGiNTDwvMuE02eZ9nXDGgIfHITlz4I1jgpmjjTW3yWvAIkrYbGPTAwqkcRs758VPxDA-NWwu88GQN1bBBgjs2MAF0xu4ClIMJELLHcs_E9OxpmeiWmEFaOuYmzKM91en4Y3Bv1POjz3O9AZ5mo3ifO91k0KPHYSuu-KONpKcFikwqq1LX5Q1VIeQoAAzeWqYNG3zMK787iCD4k1PQzHQ4tBpd6Hc.j4PKkBN5xauETmrfoaTdZKHLx3GkaKAMj5fyUMxOJD4%26dib_tag%3Dse%26keywords%3Dfertilizer%26qid%3D1736664077%26sprefix%3Dfertilize%252Caps%252C372%26sr%3D8-26-spons%26sp_csd%3Dd2lkZ2V0TmFtZT1zcF9tdGY%26psc%3D1
"Dr. Earth Acid Lovers Azalea, Camellia, Rhododendron & Maple Fertilizer 4 lb",,4.6 out of 5 stars,166 ratings,In Stock,https://m.media-amazon.com/images/I/815FMNya7xL.__AC_SX300_SY300_QL70_ML2_.jpg,https://www.amazon.com/Dr-Earth-Camellia-Rhododendron-Fertilizer/dp/B079ZPY4GT/ref=sr_1_27?crid=XOX4HO870Z7Q&dib=eyJ2IjoiMSJ9.S0fNMcz0e_Bdo2fI3rFNQrmxVOA9MRCkmVOeNYCzX3pBySsv9k9U96g6NYRE91OZaU_9Wh5lx5RlKlRsGiNTDwvMuE02eZ9nXDGgIfHITlz4I1jgpmjjTW3yWvAIkrYbGPTAwqkcRs758VPxDA-NWwu88GQN1bBBgjs2MAF0xu4ClIMJELLHcs_E9OxpmeiWmEFaOuYmzKM91en4Y3Bv1POjz3O9AZ5mo3ifO91k0KPHYSuu-KONpKcFikwqq1LX5Q1VIeQoAAzeWqYNG3zMK787iCD4k1PQzHQ4tBpd6Hc.j4PKkBN5xauETmrfoaTdZKHLx3GkaKAMj5fyUMxOJD4&dib_tag=se&keywords=fertilizer&qid=1736664077&sprefix=fertilize%2Caps%2C372&sr=8-27
Maxsea All Purpose (16-16-16) 1.5lb,,4.6 out of 5 stars,7 ratings,In Stock,https://m.media-amazon.com/images/I/41prc0825XL._SY445_SX342_QL70_ML2_.jpg,https://www.amazon.com/Maxsea-All-Purpose-16-16-16-1-5lb/dp/B0BM73QBQ7/ref=sr_1_28?crid=XOX4HO870Z7Q&dib=eyJ2IjoiMSJ9.S0fNMcz0e_Bdo2fI3rFNQrmxVOA9MRCkmVOeNYCzX3pBySsv9k9U96g6NYRE91OZaU_9Wh5lx5RlKlRsGiNTDwvMuE02eZ9nXDGgIfHITlz4I1jgpmjjTW3yWvAIkrYbGPTAwqkcRs758VPxDA-NWwu88GQN1bBBgjs2MAF0xu4ClIMJELLHcs_E9OxpmeiWmEFaOuYmzKM91en4Y3Bv1POjz3O9AZ5mo3ifO91k0KPHYSuu-KONpKcFikwqq1LX5Q1VIeQoAAzeWqYNG3zMK787iCD4k1PQzHQ4tBpd6Hc.j4PKkBN5xauETmrfoaTdZKHLx3GkaKAMj5fyUMxOJD4&dib_tag=se&keywords=fertilizer&qid=1736664077&sprefix=fertilize%2Caps%2C372&sr=8-28
Pendelton Turf Supply 18-3-6 Liquid Fertilizer (50% SRN & Micronutrients) (2.5 Gallons),,4.4 out of 5 stars,390 ratings,Not Available,https://m.media-amazon.com/images/I/71bC-kl6zBL.__AC_SX300_SY300_QL70_ML2_.jpg,https://www.amazon.com/18-3-6-Liquid-Fertilizer-Micronutrients-Gallons/dp/B07GRJ4T4B/ref=sr_1_29?crid=XOX4HO870Z7Q&dib=eyJ2IjoiMSJ9.S0fNMcz0e_Bdo2fI3rFNQrmxVOA9MRCkmVOeNYCzX3pBySsv9k9U96g6NYRE91OZaU_9Wh5lx5RlKlRsGiNTDwvMuE02eZ9nXDGgIfHITlz4I1jgpmjjTW3yWvAIkrYbGPTAwqkcRs758VPxDA-NWwu88GQN1bBBgjs2MAF0xu4ClIMJELLHcs_E9OxpmeiWmEFaOuYmzKM91en4Y3Bv1POjz3O9AZ5mo3ifO91k0KPHYSuu-KONpKcFikwqq1LX5Q1VIeQoAAzeWqYNG3zMK787iCD4k1PQzHQ4tBpd6Hc.j4PKkBN5xauETmrfoaTdZKHLx3GkaKAMj5fyUMxOJD4&dib_tag=se&keywords=fertilizer&qid=1736664077&sprefix=fertilize%2Caps%2C372&sr=8-29
"The Andersons Professional 17-0-3 Fertilizer with Grubout Plus 8,500 sq ft (18lb)",,4.4 out of 5 stars,20 ratings,In Stock,https://m.media-amazon.com/images/I/41N78OQlp7L._SY445_SX342_QL70_ML2_.jpg,https://www.amazon.com/Andersons-Professional-17-0-3-Fertilizer-Grubout/dp/B09ZVMW73W/ref=sr_1_30?crid=XOX4HO870Z7Q&dib=eyJ2IjoiMSJ9.S0fNMcz0e_Bdo2fI3rFNQrmxVOA9MRCkmVOeNYCzX3pBySsv9k9U96g6NYRE91OZaU_9Wh5lx5RlKlRsGiNTDwvMuE02eZ9nXDGgIfHITlz4I1jgpmjjTW3yWvAIkrYbGPTAwqkcRs758VPxDA-NWwu88GQN1bBBgjs2MAF0xu4ClIMJELLHcs_E9OxpmeiWmEFaOuYmzKM91en4Y3Bv1POjz3O9AZ5mo3ifO91k0KPHYSuu-KONpKcFikwqq1LX5Q1VIeQoAAzeWqYNG3zMK787iCD4k1PQzHQ4tBpd6Hc.j4PKkBN5xauETmrfoaTdZKHLx3GkaKAMj5fyUMxOJD4&dib_tag=se&keywords=fertilizer&qid=1736664077&sprefix=fertilize%2Caps%2C372&sr=8-30
"Leaves and Soul Succulent Fertilizer Pellets |13-11-11 Slow Release Pellets for All Cactus and Succulents | Multi-Purpose Blend & Gardening Supplies, No Fillers | 5.2 oz Resealable Packaging",,4.5 out of 5 stars,"2,026 ratings",In Stock,https://m.media-amazon.com/images/I/51S02okmYjL._SY445_SX342_QL70_ML2_.jpg,https://www.amazon.com/sspa/click?ie=UTF8&spc=MToxODY3Mjc4NjA3NzU3NzA3OjE3MzY2NjQwNzc6c3BfbXRmOjIwMDA0NDk5MzM5NzY3MTo6MDo6&url=%2FLeaves-Soul-Fertilizer-Succulents-Multi-Purpose%2Fdp%2FB08Q359ZL5%2Fref%3Dsr_1_31_sspa%3Fcrid%3DXOX4HO870Z7Q%26dib%3DeyJ2IjoiMSJ9.S0fNMcz0e_Bdo2fI3rFNQrmxVOA9MRCkmVOeNYCzX3pBySsv9k9U96g6NYRE91OZaU_9Wh5lx5RlKlRsGiNTDwvMuE02eZ9nXDGgIfHITlz4I1jgpmjjTW3yWvAIkrYbGPTAwqkcRs758VPxDA-NWwu88GQN1bBBgjs2MAF0xu4ClIMJELLHcs_E9OxpmeiWmEFaOuYmzKM91en4Y3Bv1POjz3O9AZ5mo3ifO91k0KPHYSuu-KONpKcFikwqq1LX5Q1VIeQoAAzeWqYNG3zMK787iCD4k1PQzHQ4tBpd6Hc.j4PKkBN5xauETmrfoaTdZKHLx3GkaKAMj5fyUMxOJD4%26dib_tag%3Dse%26keywords%3Dfertilizer%26qid%3D1736664077%26sprefix%3Dfertilize%252Caps%252C372%26sr%3D8-31-spons%26sp_csd%3Dd2lkZ2V0TmFtZT1zcF9tdGY%26psc%3D1
Fertilome (10625) Chelated Liquid Iron and Other Micronutrients (16 oz),,4.4 out of 5 stars,871 ratings,Not Available,https://m.media-amazon.com/images/I/41bd73ZkRHL._SX342_SY445_QL70_ML2_.jpg,https://www.amazon.com/Fertilome-10625-Chelated-Liquid-Micronutrients/dp/B0058V6N3E/ref=sr_1_32?crid=XOX4HO870Z7Q&dib=eyJ2IjoiMSJ9.S0fNMcz0e_Bdo2fI3rFNQrmxVOA9MRCkmVOeNYCzX3pBySsv9k9U96g6NYRE91OZaU_9Wh5lx5RlKlRsGiNTDwvMuE02eZ9nXDGgIfHITlz4I1jgpmjjTW3yWvAIkrYbGPTAwqkcRs758VPxDA-NWwu88GQN1bBBgjs2MAF0xu4ClIMJELLHcs_E9OxpmeiWmEFaOuYmzKM91en4Y3Bv1POjz3O9AZ5mo3ifO91k0KPHYSuu-KONpKcFikwqq1LX5Q1VIeQoAAzeWqYNG3zMK787iCD4k1PQzHQ4tBpd6Hc.j4PKkBN5xauETmrfoaTdZKHLx3GkaKAMj5fyUMxOJD4&dib_tag=se&keywords=fertilizer&qid=1736664077&sprefix=fertilize%2Caps%2C372&sr=8-32
"Neem Oil Spray for Plants with Peppermint Oil, Natural Plant Wash Made for Indoor and Outdoor Plants Smart Grower 16oz Easy Ready to Use Spray",,4.4 out of 5 stars,185 ratings,In Stock,https://m.media-amazon.com/images/I/61TzJABJO7L.__AC_SX300_SY300_QL70_ML2_.jpg,https://www.amazon.com/Peppermint-Natural-Outdoor-Smart-Grower/dp/B0DCWQ9XSP/ref=sr_1_33?crid=XOX4HO870Z7Q&dib=eyJ2IjoiMSJ9.S0fNMcz0e_Bdo2fI3rFNQrmxVOA9MRCkmVOeNYCzX3pBySsv9k9U96g6NYRE91OZaU_9Wh5lx5RlKlRsGiNTDwvMuE02eZ9nXDGgIfHITlz4I1jgpmjjTW3yWvAIkrYbGPTAwqkcRs758VPxDA-NWwu88GQN1bBBgjs2MAF0xu4ClIMJELLHcs_E9OxpmeiWmEFaOuYmzKM91en4Y3Bv1POjz3O9AZ5mo3ifO91k0KPHYSuu-KONpKcFikwqq1LX5Q1VIeQoAAzeWqYNG3zMK787iCD4k1PQzHQ4tBpd6Hc.j4PKkBN5xauETmrfoaTdZKHLx3GkaKAMj5fyUMxOJD4&dib_tag=se&keywords=fertilizer&qid=1736664077&sprefix=fertilize%2Caps%2C372&sr=8-33
GH Armor Si 0-0 - 4 GH Armor Si Quart (12/Cs),,4.8 out of 5 stars,126 ratings,In Stock,https://m.media-amazon.com/images/I/41vx7TUpWDL._SY445_SX342_QL70_ML2_.jpg,https://www.amazon.com/GH-Armor-Si-0-0-Quart/dp/B0792S9RKZ/ref=sr_1_34?crid=XOX4HO870Z7Q&dib=eyJ2IjoiMSJ9.S0fNMcz0e_Bdo2fI3rFNQrmxVOA9MRCkmVOeNYCzX3pBySsv9k9U96g6NYRE91OZaU_9Wh5lx5RlKlRsGiNTDwvMuE02eZ9nXDGgIfHITlz4I1jgpmjjTW3yWvAIkrYbGPTAwqkcRs758VPxDA-NWwu88GQN1bBBgjs2MAF0xu4ClIMJELLHcs_E9OxpmeiWmEFaOuYmzKM91en4Y3Bv1POjz3O9AZ5mo3ifO91k0KPHYSuu-KONpKcFikwqq1LX5Q1VIeQoAAzeWqYNG3zMK787iCD4k1PQzHQ4tBpd6Hc.j4PKkBN5xauETmrfoaTdZKHLx3GkaKAMj5fyUMxOJD4&dib_tag=se&keywords=fertilizer&qid=1736664077&sprefix=fertilize%2Caps%2C372&sr=8-34
Fiddle Leaf Ficus Lyrata & Fig Tree Slow Release Fertilizer Pellets for Indoor and Outdoor Plants - Resealable Bag (6 oz),,4.8 out of 5 stars,6 ratings,In Stock,https://m.media-amazon.com/images/I/41RSMftw1wL._SY445_SX342_QL70_ML2_.jpg,https://www.amazon.com/Fiddle-Release-Fertilizer-Pellets-Outdoor/dp/B0DBRNY21K/ref=sr_1_35?crid=XOX4HO870Z7Q&dib=eyJ2IjoiMSJ9.S0fNMcz0e_Bdo2fI3rFNQrmxVOA9MRCkmVOeNYCzX3pBySsv9k9U96g6NYRE91OZaU_9Wh5lx5RlKlRsGiNTDwvMuE02eZ9nXDGgIfHITlz4I1jgpmjjTW3yWvAIkrYbGPTAwqkcRs758VPxDA-NWwu88GQN1bBBgjs2MAF0xu4ClIMJELLHcs_E9OxpmeiWmEFaOuYmzKM91en4Y3Bv1POjz3O9AZ5mo3ifO91k0KPHYSuu-KONpKcFikwqq1LX5Q1VIeQoAAzeWqYNG3zMK787iCD4k1PQzHQ4tBpd6Hc.j4PKkBN5xauETmrfoaTdZKHLx3GkaKAMj5fyUMxOJD4&dib_tag=se&keywords=fertilizer&qid=1736664077&sprefix=fertilize%2Caps%2C372&sr=8-35
"True Organic Annuals and Perennials Flower Food Granular Fertilizer 4lbs - CDFA, OMRI Listed for Organic Gardening NPK 3-5-4",,4.6 out of 5 stars,87 ratings,Not Available,https://m.media-amazon.com/images/I/71zfYONeGVL.__AC_SX300_SY300_QL70_ML2_.jpg,https://www.amazon.com/True-Organic-Perennials-Granular-Fertilizer/dp/B0C22N3KF4/ref=sr_1_36?crid=XOX4HO870Z7Q&dib=eyJ2IjoiMSJ9.S0fNMcz0e_Bdo2fI3rFNQrmxVOA9MRCkmVOeNYCzX3pBySsv9k9U96g6NYRE91OZaU_9Wh5lx5RlKlRsGiNTDwvMuE02eZ9nXDGgIfHITlz4I1jgpmjjTW3yWvAIkrYbGPTAwqkcRs758VPxDA-NWwu88GQN1bBBgjs2MAF0xu4ClIMJELLHcs_E9OxpmeiWmEFaOuYmzKM91en4Y3Bv1POjz3O9AZ5mo3ifO91k0KPHYSuu-KONpKcFikwqq1LX5Q1VIeQoAAzeWqYNG3zMK787iCD4k1PQzHQ4tBpd6Hc.j4PKkBN5xauETmrfoaTdZKHLx3GkaKAMj5fyUMxOJD4&dib_tag=se&keywords=fertilizer&qid=1736664077&sprefix=fertilize%2Caps%2C372&sr=8-36
"Chemical Liquid Doser, Water Powered Fertilizer Injector High Accuracy G1 to G3/4 External Thread for Garden for Farm",,2.1 out of 5 stars,2 ratings,Only 2 left in stock - order soon.,https://m.media-amazon.com/images/I/41lYRo7kwVL._SY445_SX342_QL70_ML2_.jpg,https://www.amazon.com/sspa/click?ie=UTF8&spc=MToxODY3Mjc4NjA3NzU3NzA3OjE3MzY2NjQwNzc6c3BfbXRmOjMwMDUyMjAzOTQ2MDgwMjo6MDo6&url=%2FMumusuki-Chemical-Fertilizer-Injector-Accuracy%2Fdp%2FB09MJNCFM5%2Fref%3Dsr_1_37_sspa%3Fcrid%3DXOX4HO870Z7Q%26dib%3DeyJ2IjoiMSJ9.S0fNMcz0e_Bdo2fI3rFNQrmxVOA9MRCkmVOeNYCzX3pBySsv9k9U96g6NYRE91OZaU_9Wh5lx5RlKlRsGiNTDwvMuE02eZ9nXDGgIfHITlz4I1jgpmjjTW3yWvAIkrYbGPTAwqkcRs758VPxDA-NWwu88GQN1bBBgjs2MAF0xu4ClIMJELLHcs_E9OxpmeiWmEFaOuYmzKM91en4Y3Bv1POjz3O9AZ5mo3ifO91k0KPHYSuu-KONpKcFikwqq1LX5Q1VIeQoAAzeWqYNG3zMK787iCD4k1PQzHQ4tBpd6Hc.j4PKkBN5xauETmrfoaTdZKHLx3GkaKAMj5fyUMxOJD4%26dib_tag%3Dse%26keywords%3Dfertilizer%26qid%3D1736664077%26sprefix%3Dfertilize%252Caps%252C372%26sr%3D8-37-spons%26sp_csd%3Dd2lkZ2V0TmFtZT1zcF9tdGY%26psc%3D1
"Big A Berries Fertilizer Nutrients ‚Äì Plant Nutrients for Growth ‚Äì Organic Nutrients for Indoor and Outdoor Berries ‚Äì Works on Raspberry, Strawberry, Blueberry - 13.5oz",,4.4 out of 5 stars,147 ratings,In Stock,https://m.media-amazon.com/images/I/410ycxDfbLL._SY445_SX342_QL70_ML2_.jpg,https://www.amazon.com/Big-Ass-Berries-Fertilizer-Nutrients/dp/B0B2M8RJH6/ref=sr_1_38?crid=XOX4HO870Z7Q&dib=eyJ2IjoiMSJ9.S0fNMcz0e_Bdo2fI3rFNQrmxVOA9MRCkmVOeNYCzX3pBySsv9k9U96g6NYRE91OZaU_9Wh5lx5RlKlRsGiNTDwvMuE02eZ9nXDGgIfHITlz4I1jgpmjjTW3yWvAIkrYbGPTAwqkcRs758VPxDA-NWwu88GQN1bBBgjs2MAF0xu4ClIMJELLHcs_E9OxpmeiWmEFaOuYmzKM91en4Y3Bv1POjz3O9AZ5mo3ifO91k0KPHYSuu-KONpKcFikwqq1LX5Q1VIeQoAAzeWqYNG3zMK787iCD4k1PQzHQ4tBpd6Hc.j4PKkBN5xauETmrfoaTdZKHLx3GkaKAMj5fyUMxOJD4&dib_tag=se&keywords=fertilizer&qid=1736664077&sprefix=fertilize%2Caps%2C372&sr=8-38
13-13-13 Garden Grower Fertilizer with Pelletized Lime and Micronutrients (6 lbs),,4.6 out of 5 stars,270 ratings,Not Available,https://m.media-amazon.com/images/I/41fs0rBS-zS._SY445_SX342_QL70_ML2_.jpg,https://www.amazon.com/13-13-13-Garden-Fertilizer-Pelletized-Micronutrients/dp/B07GT8JCSS/ref=sr_1_39?crid=XOX4HO870Z7Q&dib=eyJ2IjoiMSJ9.S0fNMcz0e_Bdo2fI3rFNQrmxVOA9MRCkmVOeNYCzX3pBySsv9k9U96g6NYRE91OZaU_9Wh5lx5RlKlRsGiNTDwvMuE02eZ9nXDGgIfHITlz4I1jgpmjjTW3yWvAIkrYbGPTAwqkcRs758VPxDA-NWwu88GQN1bBBgjs2MAF0xu4ClIMJELLHcs_E9OxpmeiWmEFaOuYmzKM91en4Y3Bv1POjz3O9AZ5mo3ifO91k0KPHYSuu-KONpKcFikwqq1LX5Q1VIeQoAAzeWqYNG3zMK787iCD4k1PQzHQ4tBpd6Hc.j4PKkBN5xauETmrfoaTdZKHLx3GkaKAMj5fyUMxOJD4&dib_tag=se&keywords=fertilizer&qid=1736664077&sprefix=fertilize%2Caps%2C372&sr=8-39
"Cal-Mag Complete, Calcium Magnesium Iron and Micronutrients Fertilizer and Supplement by TPS Nutrients, 8 oz (250mL)",,4.6 out of 5 stars,548 ratings,In Stock,https://m.media-amazon.com/images/I/41Crynv+hUL._SX342_SY445_.jpg,https://www.amazon.com/Magnesium-Micronutrients-Fertilizer-Supplement-TPS/dp/B0CT66BTF2/ref=sr_1_40?crid=XOX4HO870Z7Q&dib=eyJ2IjoiMSJ9.S0fNMcz0e_Bdo2fI3rFNQrmxVOA9MRCkmVOeNYCzX3pBySsv9k9U96g6NYRE91OZaU_9Wh5lx5RlKlRsGiNTDwvMuE02eZ9nXDGgIfHITlz4I1jgpmjjTW3yWvAIkrYbGPTAwqkcRs758VPxDA-NWwu88GQN1bBBgjs2MAF0xu4ClIMJELLHcs_E9OxpmeiWmEFaOuYmzKM91en4Y3Bv1POjz3O9AZ5mo3ifO91k0KPHYSuu-KONpKcFikwqq1LX5Q1VIeQoAAzeWqYNG3zMK787iCD4k1PQzHQ4tBpd6Hc.j4PKkBN5xauETmrfoaTdZKHLx3GkaKAMj5fyUMxOJD4&dib_tag=se&keywords=fertilizer&qid=1736664077&sprefix=fertilize%2Caps%2C372&sr=8-40
Dr. Earth Citrus & Fruit Fertilizer Bag 24LB,,4.7 out of 5 stars,42 ratings,Not Available,https://m.media-amazon.com/images/I/71+sitvcpBL._AC_SY300_SX300_.jpg,https://www.amazon.com/Dr-Earth-Citrus-Fruit-Fertilizer/dp/B005ZWCQPK/ref=sr_1_41?crid=XOX4HO870Z7Q&dib=eyJ2IjoiMSJ9.S0fNMcz0e_Bdo2fI3rFNQrmxVOA9MRCkmVOeNYCzX3pBySsv9k9U96g6NYRE91OZaU_9Wh5lx5RlKlRsGiNTDwvMuE02eZ9nXDGgIfHITlz4I1jgpmjjTW3yWvAIkrYbGPTAwqkcRs758VPxDA-NWwu88GQN1bBBgjs2MAF0xu4ClIMJELLHcs_E9OxpmeiWmEFaOuYmzKM91en4Y3Bv1POjz3O9AZ5mo3ifO91k0KPHYSuu-KONpKcFikwqq1LX5Q1VIeQoAAzeWqYNG3zMK787iCD4k1PQzHQ4tBpd6Hc.j4PKkBN5xauETmrfoaTdZKHLx3GkaKAMj5fyUMxOJD4&dib_tag=se&keywords=fertilizer&qid=1736664077&sprefix=fertilize%2Caps%2C372&sr=8-41
"Poinsettia Tree Fertilizer - Easy Use Poinsettia Tree Food, Christmas Tree Saver - Makes Poinsettia Tree Fresh, Colorful & Vibrant Christmas Tree Decor, Extend Tree Life All Holiday Season, 8 fl. oz.",,4.6 out of 5 stars,30 ratings,In Stock,https://m.media-amazon.com/images/I/417z46zbRuL._SY445_SX342_QL70_ML2_.jpg,https://www.amazon.com/Poinsettia-Tree-Fertilizer-Christmas-Colorful/dp/B0DGFFCXT3/ref=sr_1_42?crid=XOX4HO870Z7Q&dib=eyJ2IjoiMSJ9.S0fNMcz0e_Bdo2fI3rFNQrmxVOA9MRCkmVOeNYCzX3pBySsv9k9U96g6NYRE91OZaU_9Wh5lx5RlKlRsGiNTDwvMuE02eZ9nXDGgIfHITlz4I1jgpmjjTW3yWvAIkrYbGPTAwqkcRs758VPxDA-NWwu88GQN1bBBgjs2MAF0xu4ClIMJELLHcs_E9OxpmeiWmEFaOuYmzKM91en4Y3Bv1POjz3O9AZ5mo3ifO91k0KPHYSuu-KONpKcFikwqq1LX5Q1VIeQoAAzeWqYNG3zMK787iCD4k1PQzHQ4tBpd6Hc.j4PKkBN5xauETmrfoaTdZKHLx3GkaKAMj5fyUMxOJD4&dib_tag=se&keywords=fertilizer&qid=1736664077&sprefix=fertilize%2Caps%2C372&sr=8-42
"ùêÅùêÑùêíùêìùêíùêÑùêãùêãùêÑùêë Plant Superfood for Money Tree Plants with B1 Vitamin, Glucose and Essential Minerals - Organic Plant Food Fertilizer for Indoor & Outdoor Money Trees Care - 8oz",,4.4 out of 5 stars,62 ratings,Not Available,https://m.media-amazon.com/images/I/51Y-ZqNwe0L._SY445_SX342_QL70_ML2_.jpg,https://www.amazon.com/%F0%9D%90%81%F0%9D%90%84%F0%9D%90%92%F0%9D%90%93%F0%9D%90%92%F0%9D%90%84%F0%9D%90%8B%F0%9D%90%8B%F0%9D%90%84%F0%9D%90%91-Superfood-Vitamin-Essential-Minerals/dp/B0D6GWVCZ7/ref=sr_1_43?crid=XOX4HO870Z7Q&dib=eyJ2IjoiMSJ9.S0fNMcz0e_Bdo2fI3rFNQrmxVOA9MRCkmVOeNYCzX3pBySsv9k9U96g6NYRE91OZaU_9Wh5lx5RlKlRsGiNTDwvMuE02eZ9nXDGgIfHITlz4I1jgpmjjTW3yWvAIkrYbGPTAwqkcRs758VPxDA-NWwu88GQN1bBBgjs2MAF0xu4ClIMJELLHcs_E9OxpmeiWmEFaOuYmzKM91en4Y3Bv1POjz3O9AZ5mo3ifO91k0KPHYSuu-KONpKcFikwqq1LX5Q1VIeQoAAzeWqYNG3zMK787iCD4k1PQzHQ4tBpd6Hc.j4PKkBN5xauETmrfoaTdZKHLx3GkaKAMj5fyUMxOJD4&dib_tag=se&keywords=fertilizer&qid=1736664077&sprefix=fertilize%2Caps%2C372&sr=8-43
"Arber Nutrition & Health Starter Set - Organic Plant Nourishment, Protection & Growth Boost - Liquid Concentrate for Gardens (Organic Nutrition & Health Set)",,4.3 out of 5 stars,333 ratings,In Stock,https://m.media-amazon.com/images/I/41bfxubrw5L._SY445_SX342_QL70_ML2_.jpg,https://www.amazon.com/Nutrition-Protectant-Fungicide-Fertilizer-Concentrate/dp/B0BWL5VHPX/ref=sr_1_44?crid=XOX4HO870Z7Q&dib=eyJ2IjoiMSJ9.S0fNMcz0e_Bdo2fI3rFNQrmxVOA9MRCkmVOeNYCzX3pBySsv9k9U96g6NYRE91OZaU_9Wh5lx5RlKlRsGiNTDwvMuE02eZ9nXDGgIfHITlz4I1jgpmjjTW3yWvAIkrYbGPTAwqkcRs758VPxDA-NWwu88GQN1bBBgjs2MAF0xu4ClIMJELLHcs_E9OxpmeiWmEFaOuYmzKM91en4Y3Bv1POjz3O9AZ5mo3ifO91k0KPHYSuu-KONpKcFikwqq1LX5Q1VIeQoAAzeWqYNG3zMK787iCD4k1PQzHQ4tBpd6Hc.j4PKkBN5xauETmrfoaTdZKHLx3GkaKAMj5fyUMxOJD4&dib_tag=se&keywords=fertilizer&qid=1736664077&sprefix=fertilize%2Caps%2C372&sr=8-44
"Schultz All Purpose 10-15-10 Plant Food Plus, 4-Ounce [2- Pack] (2 Pack (2 Count))",,4.8 out of 5 stars,216 ratings,Not Available,https://m.media-amazon.com/images/I/81iRA+rl+lL._AC_SY300_SX300_.jpg,https://www.amazon.com/Schultz-Purpose-10-15-10-Plant-4-Ounce/dp/B07QK7FL4M/ref=sr_1_45?crid=XOX4HO870Z7Q&dib=eyJ2IjoiMSJ9.S0fNMcz0e_Bdo2fI3rFNQrmxVOA9MRCkmVOeNYCzX3pBySsv9k9U96g6NYRE91OZaU_9Wh5lx5RlKlRsGiNTDwvMuE02eZ9nXDGgIfHITlz4I1jgpmjjTW3yWvAIkrYbGPTAwqkcRs758VPxDA-NWwu88GQN1bBBgjs2MAF0xu4ClIMJELLHcs_E9OxpmeiWmEFaOuYmzKM91en4Y3Bv1POjz3O9AZ5mo3ifO91k0KPHYSuu-KONpKcFikwqq1LX5Q1VIeQoAAzeWqYNG3zMK787iCD4k1PQzHQ4tBpd6Hc.j4PKkBN5xauETmrfoaTdZKHLx3GkaKAMj5fyUMxOJD4&dib_tag=se&keywords=fertilizer&qid=1736664077&sprefix=fertilize%2Caps%2C372&sr=8-45
Pennington Rejuvenate Citrus & Avocado 4 Pounds,,4.4 out of 5 stars,34 ratings,In Stock,https://m.media-amazon.com/images/I/71weiMz29zL.__AC_SX300_SY300_QL70_ML2_.jpg,https://www.amazon.com/Pennington-Rejuvenate-Citrus-Avocado-Pounds/dp/B0CCJYPZKD/ref=sr_1_46?crid=XOX4HO870Z7Q&dib=eyJ2IjoiMSJ9.S0fNMcz0e_Bdo2fI3rFNQrmxVOA9MRCkmVOeNYCzX3pBySsv9k9U96g6NYRE91OZaU_9Wh5lx5RlKlRsGiNTDwvMuE02eZ9nXDGgIfHITlz4I1jgpmjjTW3yWvAIkrYbGPTAwqkcRs758VPxDA-NWwu88GQN1bBBgjs2MAF0xu4ClIMJELLHcs_E9OxpmeiWmEFaOuYmzKM91en4Y3Bv1POjz3O9AZ5mo3ifO91k0KPHYSuu-KONpKcFikwqq1LX5Q1VIeQoAAzeWqYNG3zMK787iCD4k1PQzHQ4tBpd6Hc.j4PKkBN5xauETmrfoaTdZKHLx3GkaKAMj5fyUMxOJD4&dib_tag=se&keywords=fertilizer&qid=1736664077&sprefix=fertilize%2Caps%2C372&sr=8-46
"Neptune's Harvest Natural Tomato & Vegetable Organic, Plant Food 18 oz Concentrate",,4.7 out of 5 stars,518 ratings,Not Available,https://m.media-amazon.com/images/I/413ZxSsT1VL.__AC_SX300_SY300_QL70_ML2_.jpg,https://www.amazon.com/Neptunes-Harvest-Natural-Vegetable-Concentrate/dp/B08YX18FNY/ref=sr_1_47?crid=XOX4HO870Z7Q&dib=eyJ2IjoiMSJ9.S0fNMcz0e_Bdo2fI3rFNQrmxVOA9MRCkmVOeNYCzX3pBySsv9k9U96g6NYRE91OZaU_9Wh5lx5RlKlRsGiNTDwvMuE02eZ9nXDGgIfHITlz4I1jgpmjjTW3yWvAIkrYbGPTAwqkcRs758VPxDA-NWwu88GQN1bBBgjs2MAF0xu4ClIMJELLHcs_E9OxpmeiWmEFaOuYmzKM91en4Y3Bv1POjz3O9AZ5mo3ifO91k0KPHYSuu-KONpKcFikwqq1LX5Q1VIeQoAAzeWqYNG3zMK787iCD4k1PQzHQ4tBpd6Hc.j4PKkBN5xauETmrfoaTdZKHLx3GkaKAMj5fyUMxOJD4&dib_tag=se&keywords=fertilizer&qid=1736664077&sprefix=fertilize%2Caps%2C372&sr=8-47
"Hydroponic Nutrients, 800ML Hydroponic Plant Nutrients A and B, Universal A&B Indoor Plant Nutrients for Lush Growth of Indoor Plants, Vegetables, Fruits and Flowers",,4.6 out of 5 stars,30 ratings,In Stock,https://m.media-amazon.com/images/I/61apUIl6ETL.__AC_SX300_SY300_QL70_ML2_.jpg,https://www.amazon.com/Hydroponic-Nutrients-Universal-Vegetables-Flowers/dp/B0D3KSY88W/ref=sr_1_48?crid=XOX4HO870Z7Q&dib=eyJ2IjoiMSJ9.S0fNMcz0e_Bdo2fI3rFNQrmxVOA9MRCkmVOeNYCzX3pBySsv9k9U96g6NYRE91OZaU_9Wh5lx5RlKlRsGiNTDwvMuE02eZ9nXDGgIfHITlz4I1jgpmjjTW3yWvAIkrYbGPTAwqkcRs758VPxDA-NWwu88GQN1bBBgjs2MAF0xu4ClIMJELLHcs_E9OxpmeiWmEFaOuYmzKM91en4Y3Bv1POjz3O9AZ5mo3ifO91k0KPHYSuu-KONpKcFikwqq1LX5Q1VIeQoAAzeWqYNG3zMK787iCD4k1PQzHQ4tBpd6Hc.j4PKkBN5xauETmrfoaTdZKHLx3GkaKAMj5fyUMxOJD4&dib_tag=se&keywords=fertilizer&qid=1736664077&sprefix=fertilize%2Caps%2C372&sr=8-48
Dr. Earth Sweet & Sour Citrus Fertilizer,,5.0 out of 5 stars,4 ratings,In Stock,https://m.media-amazon.com/images/I/81q3lnr7BjL.__AC_SX300_SY300_QL70_ML2_.jpg,https://www.amazon.com/Dr-Earth-Sweet-Citrus-Fertilizer/dp/B0BS3HL3TV/ref=sr_1_49?crid=XOX4HO870Z7Q&dib=eyJ2IjoiMSJ9.S0fNMcz0e_Bdo2fI3rFNQrmxVOA9MRCkmVOeNYCzX3pBySsv9k9U96g6NYRE91OZaU_9Wh5lx5RlKlRsGiNTDwvMuE02eZ9nXDGgIfHITlz4I1jgpmjjTW3yWvAIkrYbGPTAwqkcRs758VPxDA-NWwu88GQN1bBBgjs2MAF0xu4ClIMJELLHcs_E9OxpmeiWmEFaOuYmzKM91en4Y3Bv1POjz3O9AZ5mo3ifO91k0KPHYSuu-KONpKcFikwqq1LX5Q1VIeQoAAzeWqYNG3zMK787iCD4k1PQzHQ4tBpd6Hc.j4PKkBN5xauETmrfoaTdZKHLx3GkaKAMj5fyUMxOJD4&dib_tag=se&keywords=fertilizer&qid=1736664077&sprefix=fertilize%2Caps%2C372&sr=8-49
"Bonide Rot-Stop Tomato Blossom End Rot, 16 oz Concentrated Liquid Garden Fertilizer for Calcium Deficiency Indoors & Outdoors",,4.5 out of 5 stars,"4,694 ratings",Not Available,https://m.media-amazon.com/images/I/51AEEUzel2L.__AC_SX300_SY300_QL70_ML2_.jpg,https://www.amazon.com/Bonide-Rot-Stop-Concentrated-Fertilizer-Deficiency/dp/B000OOAL6U/ref=sr_1_50?crid=XOX4HO870Z7Q&dib=eyJ2IjoiMSJ9.S0fNMcz0e_Bdo2fI3rFNQrmxVOA9MRCkmVOeNYCzX3pBySsv9k9U96g6NYRE91OZaU_9Wh5lx5RlKlRsGiNTDwvMuE02eZ9nXDGgIfHITlz4I1jgpmjjTW3yWvAIkrYbGPTAwqkcRs758VPxDA-NWwu88GQN1bBBgjs2MAF0xu4ClIMJELLHcs_E9OxpmeiWmEFaOuYmzKM91en4Y3Bv1POjz3O9AZ5mo3ifO91k0KPHYSuu-KONpKcFikwqq1LX5Q1VIeQoAAzeWqYNG3zMK787iCD4k1PQzHQ4tBpd6Hc.j4PKkBN5xauETmrfoaTdZKHLx3GkaKAMj5fyUMxOJD4&dib_tag=se&keywords=fertilizer&qid=1736664077&sprefix=fertilize%2Caps%2C372&sr=8-50
"HB-101 All-Purpose Plant Vitalizer, 1.69 Fluid Ounce",,4.6 out of 5 stars,641 ratings,In Stock,https://m.media-amazon.com/images/I/51LnDpLtGdL.__AC_SX300_SY300_QL70_ML2_.jpg,https://www.amazon.com/HB-101-All-Purpose-Plant-Vitalizer-Fluid/dp/B00GYO5NDU/ref=sr_1_51?crid=XOX4HO870Z7Q&dib=eyJ2IjoiMSJ9.S0fNMcz0e_Bdo2fI3rFNQrmxVOA9MRCkmVOeNYCzX3pBySsv9k9U96g6NYRE91OZaU_9Wh5lx5RlKlRsGiNTDwvMuE02eZ9nXDGgIfHITlz4I1jgpmjjTW3yWvAIkrYbGPTAwqkcRs758VPxDA-NWwu88GQN1bBBgjs2MAF0xu4ClIMJELLHcs_E9OxpmeiWmEFaOuYmzKM91en4Y3Bv1POjz3O9AZ5mo3ifO91k0KPHYSuu-KONpKcFikwqq1LX5Q1VIeQoAAzeWqYNG3zMK787iCD4k1PQzHQ4tBpd6Hc.j4PKkBN5xauETmrfoaTdZKHLx3GkaKAMj5fyUMxOJD4&dib_tag=se&keywords=fertilizer&qid=1736664077&sprefix=fertilize%2Caps%2C372&sr=8-51
Bougainvillea Liquid Fertilizer | (32 fl. oz.) | Improve Bloom Count and Quality of Bougainvillea | Easy to Use,,4.1 out of 5 stars,22 ratings,In Stock,https://m.media-amazon.com/images/I/41In3RO5JOL._SY445_SX342_QL70_ML2_.jpg,https://www.amazon.com/Prevegenics-Bougainvillea-Fertilizer-Improve-Quality/dp/B0C6BW2K7G/ref=sr_1_52?crid=XOX4HO870Z7Q&dib=eyJ2IjoiMSJ9.S0fNMcz0e_Bdo2fI3rFNQrmxVOA9MRCkmVOeNYCzX3pBySsv9k9U96g6NYRE91OZaU_9Wh5lx5RlKlRsGiNTDwvMuE02eZ9nXDGgIfHITlz4I1jgpmjjTW3yWvAIkrYbGPTAwqkcRs758VPxDA-NWwu88GQN1bBBgjs2MAF0xu4ClIMJELLHcs_E9OxpmeiWmEFaOuYmzKM91en4Y3Bv1POjz3O9AZ5mo3ifO91k0KPHYSuu-KONpKcFikwqq1LX5Q1VIeQoAAzeWqYNG3zMK787iCD4k1PQzHQ4tBpd6Hc.j4PKkBN5xauETmrfoaTdZKHLx3GkaKAMj5fyUMxOJD4&dib_tag=se&keywords=fertilizer&qid=1736664077&sprefix=fertilize%2Caps%2C372&sr=8-52
"Generic Concentrated Gulliards f/2 Formulae, The Perfect Fertilizer for phytoplanton (8 Fl. Oz)",,1.0 out of 5 stars,1 rating,In Stock,https://m.media-amazon.com/images/I/31Gp311YdfL._SX342_SY445_QL70_ML2_.jpg,https://www.amazon.com/Generic-Concentrated-Gulliards-Fertilizer-phytoplanton/dp/B0CX11LFYV/ref=sr_1_53?crid=XOX4HO870Z7Q&dib=eyJ2IjoiMSJ9.S0fNMcz0e_Bdo2fI3rFNQrmxVOA9MRCkmVOeNYCzX3pBySsv9k9U96g6NYRE91OZaU_9Wh5lx5RlKlRsGiNTDwvMuE02eZ9nXDGgIfHITlz4I1jgpmjjTW3yWvAIkrYbGPTAwqkcRs758VPxDA-NWwu88GQN1bBBgjs2MAF0xu4ClIMJELLHcs_E9OxpmeiWmEFaOuYmzKM91en4Y3Bv1POjz3O9AZ5mo3ifO91k0KPHYSuu-KONpKcFikwqq1LX5Q1VIeQoAAzeWqYNG3zMK787iCD4k1PQzHQ4tBpd6Hc.j4PKkBN5xauETmrfoaTdZKHLx3GkaKAMj5fyUMxOJD4&dib_tag=se&keywords=fertilizer&qid=1736664077&sprefix=fertilize%2Caps%2C372&sr=8-53
"Pendelton Turf Supply Jackpot Micronutrient Liquid Fertilizer Mix | Indoor & Outdoor | for Plants, Flowers, Vegetable Gardens, Trees, Shrubs & Lawns (32oz)",,4.5 out of 5 stars,496 ratings,Not Available,https://m.media-amazon.com/images/I/711GtC0utML.__AC_SX300_SY300_QL70_ML2_.jpg,https://www.amazon.com/Jackpot-Fertilizer-Micronutrient-Outdoor-Vegetable/dp/B07VFQ3BNL/ref=sr_1_54?crid=XOX4HO870Z7Q&dib=eyJ2IjoiMSJ9.S0fNMcz0e_Bdo2fI3rFNQrmxVOA9MRCkmVOeNYCzX3pBySsv9k9U96g6NYRE91OZaU_9Wh5lx5RlKlRsGiNTDwvMuE02eZ9nXDGgIfHITlz4I1jgpmjjTW3yWvAIkrYbGPTAwqkcRs758VPxDA-NWwu88GQN1bBBgjs2MAF0xu4ClIMJELLHcs_E9OxpmeiWmEFaOuYmzKM91en4Y3Bv1POjz3O9AZ5mo3ifO91k0KPHYSuu-KONpKcFikwqq1LX5Q1VIeQoAAzeWqYNG3zMK787iCD4k1PQzHQ4tBpd6Hc.j4PKkBN5xauETmrfoaTdZKHLx3GkaKAMj5fyUMxOJD4&dib_tag=se&keywords=fertilizer&qid=1736664077&sprefix=fertilize%2Caps%2C372&sr=8-54
"Pennington 100550384 Plant Starter 32 oz, White Label",,4.8 out of 5 stars,51 ratings,In Stock,https://m.media-amazon.com/images/I/71Pr7GZUF+L._AC_SY300_SX300_.jpg,https://www.amazon.com/Pennington-Plant-Starter-Liquid-32OZ/dp/B0CXVXBPJT/ref=sr_1_55?crid=XOX4HO870Z7Q&dib=eyJ2IjoiMSJ9.S0fNMcz0e_Bdo2fI3rFNQrmxVOA9MRCkmVOeNYCzX3pBySsv9k9U96g6NYRE91OZaU_9Wh5lx5RlKlRsGiNTDwvMuE02eZ9nXDGgIfHITlz4I1jgpmjjTW3yWvAIkrYbGPTAwqkcRs758VPxDA-NWwu88GQN1bBBgjs2MAF0xu4ClIMJELLHcs_E9OxpmeiWmEFaOuYmzKM91en4Y3Bv1POjz3O9AZ5mo3ifO91k0KPHYSuu-KONpKcFikwqq1LX5Q1VIeQoAAzeWqYNG3zMK787iCD4k1PQzHQ4tBpd6Hc.j4PKkBN5xauETmrfoaTdZKHLx3GkaKAMj5fyUMxOJD4&dib_tag=se&keywords=fertilizer&qid=1736664077&sprefix=fertilize%2Caps%2C372&sr=8-55
"Big Foot Mycorrhizae - Double Your Plant Size ‚Äì Easy to Use ‚Äì Made in USA ‚Äì Treats 30 Plants (7,500 mycorrhizal Spores)",,4.6 out of 5 stars,897 ratings,Not Available,https://m.media-amazon.com/images/I/51rvR1duUGL._SY445_SX342_QL70_ML2_.jpg,https://www.amazon.com/Big-Foot-Mycorrhizae-Granular-Enhancing/dp/B01MQTY2Z3/ref=sr_1_56?crid=XOX4HO870Z7Q&dib=eyJ2IjoiMSJ9.S0fNMcz0e_Bdo2fI3rFNQrmxVOA9MRCkmVOeNYCzX3pBySsv9k9U96g6NYRE91OZaU_9Wh5lx5RlKlRsGiNTDwvMuE02eZ9nXDGgIfHITlz4I1jgpmjjTW3yWvAIkrYbGPTAwqkcRs758VPxDA-NWwu88GQN1bBBgjs2MAF0xu4ClIMJELLHcs_E9OxpmeiWmEFaOuYmzKM91en4Y3Bv1POjz3O9AZ5mo3ifO91k0KPHYSuu-KONpKcFikwqq1LX5Q1VIeQoAAzeWqYNG3zMK787iCD4k1PQzHQ4tBpd6Hc.j4PKkBN5xauETmrfoaTdZKHLx3GkaKAMj5fyUMxOJD4&dib_tag=se&keywords=fertilizer&qid=1736664077&sprefix=fertilize%2Caps%2C372&sr=8-56
32275 4LB Triple Super Phosphate,,4.7 out of 5 stars,202 ratings,In Stock,https://m.media-amazon.com/images/I/61QrtfmhVuL.__AC_SX300_SY300_QL70_ML2_.jpg,https://www.amazon.com/VOLUNTARY-PURCHASING-32275-Triple-Phosphate/dp/B000OZRQ1W/ref=sr_1_57?crid=XOX4HO870Z7Q&dib=eyJ2IjoiMSJ9.S0fNMcz0e_Bdo2fI3rFNQrmxVOA9MRCkmVOeNYCzX3pBySsv9k9U96g6NYRE91OZaU_9Wh5lx5RlKlRsGiNTDwvMuE02eZ9nXDGgIfHITlz4I1jgpmjjTW3yWvAIkrYbGPTAwqkcRs758VPxDA-NWwu88GQN1bBBgjs2MAF0xu4ClIMJELLHcs_E9OxpmeiWmEFaOuYmzKM91en4Y3Bv1POjz3O9AZ5mo3ifO91k0KPHYSuu-KONpKcFikwqq1LX5Q1VIeQoAAzeWqYNG3zMK787iCD4k1PQzHQ4tBpd6Hc.j4PKkBN5xauETmrfoaTdZKHLx3GkaKAMj5fyUMxOJD4&dib_tag=se&keywords=fertilizer&qid=1736664077&sprefix=fertilize%2Caps%2C372&sr=8-57
"4X Mycorrhizae Rooting Hormone, Mycorrhizal Fungi Root Enhancer for Plants, Concentrated Myco, Superior Mycorrhiza and Mycorrhizal Inoculant, Ideal Mycorrhizae Powder with Mycorrhizae Fungi, 4 oz.",,4.4 out of 5 stars,100 ratings,In Stock,https://m.media-amazon.com/images/I/51ETMQYtv-L._SY445_SX342_QL70_ML2_.jpg,https://www.amazon.com/sspa/click?ie=UTF8&spc=MToxODY3Mjc4NjA3NzU3NzA3OjE3MzY2NjQwNzc6c3BfYnRmOjMwMDA4NzQ1ODMzMDQwMjo6MDo6&url=%2FMycorrhizae-Mycorrhizal-Concentrated-Mycorrhiza-Inoculant%2Fdp%2FB0CL5H6JXQ%2Fref%3Dsr_1_58_sspa%3Fcrid%3DXOX4HO870Z7Q%26dib%3DeyJ2IjoiMSJ9.S0fNMcz0e_Bdo2fI3rFNQrmxVOA9MRCkmVOeNYCzX3pBySsv9k9U96g6NYRE91OZaU_9Wh5lx5RlKlRsGiNTDwvMuE02eZ9nXDGgIfHITlz4I1jgpmjjTW3yWvAIkrYbGPTAwqkcRs758VPxDA-NWwu88GQN1bBBgjs2MAF0xu4ClIMJELLHcs_E9OxpmeiWmEFaOuYmzKM91en4Y3Bv1POjz3O9AZ5mo3ifO91k0KPHYSuu-KONpKcFikwqq1LX5Q1VIeQoAAzeWqYNG3zMK787iCD4k1PQzHQ4tBpd6Hc.j4PKkBN5xauETmrfoaTdZKHLx3GkaKAMj5fyUMxOJD4%26dib_tag%3Dse%26keywords%3Dfertilizer%26qid%3D1736664077%26sprefix%3Dfertilize%252Caps%252C372%26sr%3D8-58-spons%26sp_csd%3Dd2lkZ2V0TmFtZT1zcF9idGY%26psc%3D1
Pennington Rejuvenate Citrus & Avocado 4 Pounds,,4.4 out of 5 stars,34 ratings,In Stock,https://m.media-amazon.com/images/I/71weiMz29zL.__AC_SX300_SY300_QL70_ML2_.jpg,https://www.amazon.com/sspa/click?ie=UTF8&spc=MToxODY3Mjc4NjA3NzU3NzA3OjE3MzY2NjQwNzc6c3BfYnRmOjMwMDA2NTM2NTU1NjEwMjo6MDo6&url=%2FPennington-Rejuvenate-Citrus-Avocado-Pounds%2Fdp%2FB0CCJYPZKD%2Fref%3Dsr_1_59_sspa%3Fcrid%3DXOX4HO870Z7Q%26dib%3DeyJ2IjoiMSJ9.S0fNMcz0e_Bdo2fI3rFNQrmxVOA9MRCkmVOeNYCzX3pBySsv9k9U96g6NYRE91OZaU_9Wh5lx5RlKlRsGiNTDwvMuE02eZ9nXDGgIfHITlz4I1jgpmjjTW3yWvAIkrYbGPTAwqkcRs758VPxDA-NWwu88GQN1bBBgjs2MAF0xu4ClIMJELLHcs_E9OxpmeiWmEFaOuYmzKM91en4Y3Bv1POjz3O9AZ5mo3ifO91k0KPHYSuu-KONpKcFikwqq1LX5Q1VIeQoAAzeWqYNG3zMK787iCD4k1PQzHQ4tBpd6Hc.j4PKkBN5xauETmrfoaTdZKHLx3GkaKAMj5fyUMxOJD4%26dib_tag%3Dse%26keywords%3Dfertilizer%26qid%3D1736664077%26sprefix%3Dfertilize%252Caps%252C372%26sr%3D8-59-spons%26sp_csd%3Dd2lkZ2V0TmFtZT1zcF9idGY%26psc%3D1
EZ-FLO 2005-HB 3/4 Gallon Low Pressure Hose Bib and Drip Connection Fertilizer Injector System,,4.4 out of 5 stars,386 ratings,In Stock,https://m.media-amazon.com/images/I/61SnbvW51BL.__AC_SX300_SY300_QL70_ML2_.jpg,https://www.amazon.com/sspa/click?ie=UTF8&spc=MToxODY3Mjc4NjA3NzU3NzA3OjE3MzY2NjQwNzc6c3BfYnRmOjMwMDE2NzQwMzgzNzcwMjo6MDo6&url=%2FEZ-FLO-2005-HB-Hose-Fertilizer-System%2Fdp%2FB07CSC11Z6%2Fref%3Dsr_1_60_sspa%3Fcrid%3DXOX4HO870Z7Q%26dib%3DeyJ2IjoiMSJ9.S0fNMcz0e_Bdo2fI3rFNQrmxVOA9MRCkmVOeNYCzX3pBySsv9k9U96g6NYRE91OZaU_9Wh5lx5RlKlRsGiNTDwvMuE02eZ9nXDGgIfHITlz4I1jgpmjjTW3yWvAIkrYbGPTAwqkcRs758VPxDA-NWwu88GQN1bBBgjs2MAF0xu4ClIMJELLHcs_E9OxpmeiWmEFaOuYmzKM91en4Y3Bv1POjz3O9AZ5mo3ifO91k0KPHYSuu-KONpKcFikwqq1LX5Q1VIeQoAAzeWqYNG3zMK787iCD4k1PQzHQ4tBpd6Hc.j4PKkBN5xauETmrfoaTdZKHLx3GkaKAMj5fyUMxOJD4%26dib_tag%3Dse%26keywords%3Dfertilizer%26qid%3D1736664077%26sprefix%3Dfertilize%252Caps%252C372%26sr%3D8-60-spons%26sp_csd%3Dd2lkZ2V0TmFtZT1zcF9idGY%26psc%3D1
